599.7532,0.0214636
600.2354,0.0216875
600.7175,0.0225146
601.1996,0.0239069
601.6817,0.0256036
602.1638,0.0271606
602.6459,0.0281639
603.1281,0.0284805
603.6102,0.0283461
604.0923,0.0281876
604.5744,0.0282921
605.0565,0.0285819
605.5386,0.0286729
606.0208,0.0281728
606.5029,0.0269849
606.985,0.0253874
607.4671,0.0238376
607.9492,0.0226778
608.4313,0.0219893
608.9135,0.0216897
609.3956,0.0217401
609.8777,0.0222276
610.3598,0.0232216
610.8419,0.0245339
611.324,0.025636
611.8062,0.0258916
612.2883,0.0249856
612.7704,0.0232008
613.2525,0.021277
613.7346,0.019948
614.2167,0.0195088
614.6989,0.0196962
615.181,0.0199211
615.6631,0.0196684
616.1452,0.018802
616.6273,0.0176147
617.1094,0.0166247
617.5916,0.0162467
618.0737,0.0165427
618.5558,0.017238
619.0379,0.0179695
619.52,0.0185328
620.0021,0.0189619
620.4843,0.019451
620.9664,0.0201972
621.4485,0.0212358
621.9306,0.0223559
622.4127,0.0231651
622.8948,0.0232881
623.377,0.0225903
623.8591,0.021299
624.3412,0.0199449
624.8233,0.0191372
625.3054,0.0192877
625.7875,0.0204355
626.2697,0.0222492
626.7518,0.0241712
627.2339,0.0256146
627.716,0.026148
628.1981,0.0256303
628.6802,0.0242687
629.1624,0.0225643
629.6445,0.0211406
630.1266,0.0205027
630.6087,0.0208309
631.0908,0.0219067
631.5729,0.0232171
632.0551,0.0241931
632.5372,0.0244685
633.0193,0.0240281
633.5014,0.023174
633.9835,0.0223439
634.4656,0.0218901
634.9478,0.021932
635.4299,0.0223429
635.912,0.0228568
636.3941,0.0232211
636.8762,0.0233094
637.3583,0.0231428
637.8405,0.0228289
638.3226,0.0224669
638.8047,0.0220838
639.2868,0.0216411
639.7689,0.0211048
640.251,0.0205228
640.7332,0.0200452
641.2153,0.0198652
641.6974,0.0201135
642.1795,0.0207747
642.6616,0.0216851
643.1437,0.0226192
643.6259,0.0234077
644.108,0.0240063
644.5901,0.0244757
645.0722,0.0248988
645.5543,0.025298
646.0364,0.0256088
646.5186,0.0257193
647.0007,0.0255389
647.4828,0.0250505
647.9649,0.0243246
648.447,0.023494
648.9291,0.0227027
649.4113,0.0220551
649.8934,0.0215945
650.3755,0.0213177
650.8576,0.0212092
651.3397,0.0212666
651.8218,0.0215101
652.304,0.0219718
652.7861,0.0226678
653.2682,0.0235588
653.7503,0.0245211
654.2324,0.0253554
654.7145,0.025847
655.1967,0.025863
655.6788,0.025435
656.1609,0.0247689
656.643,0.0241568
657.1251,0.0238367
657.6072,0.0238857
658.0894,0.0242084
658.5715,0.0246145
659.0536,0.024929
659.5357,0.0250665
660.0178,0.0250368
660.4999,0.0249031
660.9821,0.024738
661.4642,0.0246038
661.9463,0.0245453
662.4284,0.0245777
662.9105,0.0246668
663.3926,0.0247277
663.8748,0.0246644
664.3569,0.0244337
664.839,0.0240773
665.3211,0.0236909
665.8032,0.0233656
666.2853,0.0231508
666.7675,0.0230374
667.2496,0.0229156
667.7317,0.0224481
668.2138,0.0212143
668.6959,0.019956
669.178,0.0195882
669.6602,0.0197317
670.1423,0.0200424
670.6244,0.0204625
671.1065,0.021026
671.5886,0.0217489
672.0707,0.0225692
672.5529,0.023338
673.035,0.0238865
673.5171,0.0241309
673.9992,0.0241337
674.4813,0.0240673
674.9634,0.0241024
675.4456,0.0242932
675.9277,0.0245384
676.4098,0.0246492
676.8919,0.0244761
677.374,0.0240055
677.8561,0.0233608
678.3383,0.0227169
678.8204,0.0222003
679.3025,0.0218473
679.7846,0.0216371
680.2667,0.0215553
680.7488,0.0216242
681.231,0.0218753
681.7131,0.0222963
682.1952,0.0228049
682.6773,0.0232786
683.1594,0.0236149
683.6415,0.0237773
684.1237,0.0237924
684.6058,0.023713
685.0879,0.0235821
685.57,0.0234255
686.0521,0.0232691
686.5342,0.0231541
687.0164,0.0231294
687.4985,0.0232224
687.9806,0.0234077
688.4627,0.0236012
688.9448,0.0236918
689.4269,0.0235994
689.9091,0.0233293
690.3912,0.0229885
690.8733,0.0227468
691.3554,0.0227555
691.8375,0.0230632
692.3196,0.0235766
692.8018,0.0240969
693.2839,0.0244149
693.766,0.0244141
694.2481,0.0241179
694.7302,0.0236576
695.2123,0.0231917
695.6945,0.0228324
696.1766,0.0226248
696.6587,0.0225721
697.1408,0.0226715
697.6229,0.0229251
698.105,0.0233221
698.5872,0.0238201
699.0693,0.0243474
699.5514,0.0248264
700.0335,0.0251966
700.5156,0.0254222
700.9977,0.0254881
701.4799,0.0254033
701.962,0.0252171
702.4441,0.0250308
702.9262,0.024978
703.4083,0.0251661
703.8904,0.0256106
704.3726,0.0262097
704.8547,0.0267853
705.3368,0.0271718
705.8189,0.0272963
706.301,0.0272025
706.7831,0.027009
707.2653,0.0268378
707.7474,0.0267592
708.2295,0.0267798
708.7116,0.026867
709.1937,0.026984
709.6758,0.0271138
710.158,0.0272619
710.6401,0.0274453
711.1222,0.0276744
711.6043,0.0279371
712.0864,0.0281952
712.5685,0.0283963
713.0507,0.0284993
713.5328,0.0284957
714.0149,0.0284101
714.497,0.0282773
714.9791,0.028118
715.4612,0.0279397
715.9434,0.0277655
716.4255,0.0276583
716.9076,0.0277002
717.3897,0.0279232
717.8718,0.0282407
718.3539,0.0284431
718.8361,0.0282969
719.3182,0.0277234
719.8003,0.0269344
720.2824,0.0263583
720.7645,0.0263676
721.2466,0.0270534
721.7288,0.0282148
722.2109,0.0295009
722.693,0.0305855
723.1751,0.0313006
723.6572,0.0316779
724.1393,0.0318702
724.6215,0.0320169
725.1036,0.0321692
725.5857,0.0323206
726.0678,0.0324816
726.5499,0.0327101
727.032,0.0330658
727.5142,0.0335393
727.9963,0.034031
728.4784,0.0344098
728.9605,0.0346078
729.4426,0.0346737
729.9247,0.0347406
730.4069,0.0349346
730.889,0.0352956
731.3711,0.0357703
731.8532,0.0362723
732.3353,0.0367521
732.8174,0.037219
733.2996,0.0377043
733.7817,0.0382054
734.2638,0.038661
734.7459,0.0389797
735.228,0.0390989
735.7101,0.0390285
736.1923,0.0388505
736.6744,0.0386783
737.1565,0.0386065
737.6386,0.0386813
738.1207,0.038902
738.6028,0.0392426
739.085,0.0396751
739.5671,0.0401805
740.0492,0.0407471
740.5313,0.0413652
741.0134,0.0420255
741.4955,0.0427251
741.9777,0.0434761
742.4598,0.0443083
742.9419,0.0452621
743.424,0.0463719
743.9061,0.0476496
744.3882,0.049077
744.8704,0.0506088
745.3525,0.0521827
745.8346,0.0537252
746.3167,0.0551508
746.7988,0.0563605
747.2809,0.0572508
747.7631,0.0577372
748.2452,0.057785
748.7273,0.0574275
749.2094,0.0567594
749.6915,0.0559069
750.1736,0.0549894
750.6558,0.0540909
751.1379,0.0532484
751.62,0.0524558
752.1021,0.0516775
752.5842,0.0508681
753.0663,0.0499962
753.5485,0.0490634
754.0306,0.0481073
754.5127,0.047182
754.9948,0.0463242
755.4769,0.0455287
755.959,0.0447534
756.4412,0.0439546
756.9233,0.0431274
757.4054,0.0423193
757.8875,0.0416042
758.3696,0.0410337
758.8517,0.0406028
759.3339,0.0402571
759.816,0.0399356
760.2981,0.039616
760.7802,0.0393296
761.2623,0.0391376
761.7444,0.0390877
762.2266,0.0391795
762.7087,0.0393601
763.1908,0.0395505
763.6729,0.0396865
764.155,0.0397475
764.6371,0.0397597
765.1193,0.0397704
765.6014,0.03981
766.0835,0.0398658
766.5656,0.039887
767.0477,0.0398228
767.5298,0.0396685
768.012,0.0394852
768.4941,0.0393721
768.9762,0.0394034
769.4583,0.0395716
769.9404,0.0397816
770.4225,0.0399059
770.9047,0.0398681
771.3868,0.0396959
771.8689,0.0395065
772.351,0.0394333
772.8331,0.0395453
773.3152,0.0398158
773.7974,0.040154
774.2795,0.0404715
774.7616,0.0407302
775.2437,0.040938
775.7258,0.0411072
776.2079,0.0412159
776.6901,0.0412087
777.1722,0.0410349
777.6543,0.0406923
778.1364,0.0402405
778.6185,0.039775
779.1006,0.0393843
779.5828,0.0391191
780.0649,0.0389864
780.547,0.0389606
781.0291,0.0389933
781.5112,0.0390217
781.9933,0.0389819
782.4755,0.0388346
782.9576,0.0385902
783.4397,0.0383086
783.9218,0.0380617
784.4039,0.0378775
784.886,0.0377057
785.3682,0.0374373
785.8503,0.0369717
786.3324,0.0362871
786.8145,0.0354652
787.2966,0.0346529
787.7787,0.0339877
788.2609,0.0335344
788.743,0.0332665
789.2251,0.0330943
789.7072,0.0329143
790.1893,0.0326489
790.6714,0.032264
791.1536,0.0317669
791.6357,0.0311924
792.1178,0.0305854
792.5999,0.0299836
793.082,0.0294045
793.5641,0.0288454
794.0463,0.028297
794.5284,0.0277627
795.0105,0.0272691
795.4926,0.0268553
795.9747,0.0265471
796.4568,0.0263301
796.939,0.0261438
797.4211,0.0259028
797.9032,0.0255376
798.3853,0.0250346
798.8674,0.0244514
799.3495,0.0238985
799.8317,0.0234939
800.3138,0.0233134
800.7959,0.0233595
801.278,0.0235676
801.7601,0.0238407
802.2422,0.0240947
802.7244,0.024286
803.2065,0.0244115
803.6886,0.0244882
804.1707,0.0245318
804.6528,0.0245478
805.1349,0.0245368
805.6171,0.0244989
806.0992,0.0244324
806.5813,0.024331
807.0634,0.0241894
807.5455,0.024021
808.0276,0.0238732
808.5098,0.0238187
808.9919,0.0239178
809.474,0.0241726
809.9561,0.0245085
810.4382,0.0248037
810.9203,0.0249531
811.4025,0.0249251
811.8846,0.0247696
812.3667,0.0245753
812.8488,0.0244059
813.3309,0.0242653
813.813,0.0241092
814.2952,0.0238922
814.7773,0.0236083
815.2594,0.0232967
815.7415,0.0230153
816.2236,0.0228087
816.7057,0.0226943
817.1879,0.0226735
817.67,0.0227469
818.1521,0.0229168
818.6342,0.0231717
819.1163,0.0234708
819.5984,0.0237467
820.0806,0.0239335
820.5627,0.0240044
821.0448,0.0239925
821.5269,0.0239777
822.009,0.0240447
822.4911,0.0242363
822.9733,0.0245294
823.4554,0.0248477
823.9375,0.0251043
824.4196,0.0252484
824.9017,0.0252882
825.3839,0.0252778
825.866,0.0252758
826.3481,0.025305
826.8302,0.0253379
827.3123,0.0253194
827.7944,0.0252093
828.2766,0.0250164
828.7587,0.0247983
829.2408,0.0246265
829.7229,0.0245418
830.205,0.0245289
830.6871,0.0245298
831.1693,0.0244855
831.6514,0.0243815
832.1335,0.0242636
832.6156,0.0242134
833.0977,0.0242992
833.5798,0.0245343
834.062,0.0248709
834.5441,0.0252312
835.0262,0.025556
835.5083,0.0258374
835.9904,0.026117
836.4725,0.0264529
836.9547,0.0268806
837.4368,0.0273917
837.9189,0.0279404
838.401,0.0284682
838.8831,0.0289273
839.3652,0.0292919
839.8474,0.0295575
840.3295,0.0297342
840.8116,0.0298393
841.2937,0.0298876
841.7758,0.0298809
842.2579,0.0298032
842.7401,0.0296277
843.2222,0.0293391
843.7043,0.028955
844.1864,0.028529
844.6685,0.0281263
845.1506,0.0277859
845.6328,0.0274957
846.1149,0.0272022
846.597,0.0268502
847.0791,0.0264231
847.5612,0.0259536
848.0433,0.0254978
848.5255,0.0250929
849.0076,0.024734
849.4897,0.0243872
849.9718,0.0240275
850.4539,0.0236693
850.936,0.0233644
851.4182,0.023167
851.9003,0.0230935
852.3824,0.0231063
852.8645,0.0231337
853.3466,0.0231089
853.8287,0.0230015
854.3109,0.0228202
854.793,0.0225912
855.2751,0.0223342
855.7572,0.0220546
856.2393,0.0217562
856.7214,0.0214562
857.2036,0.0211851
857.6857,0.0209666
858.1678,0.020795
858.6499,0.02063
859.132,0.0204197
859.6141,0.0201358
860.0963,0.0197962
860.5784,0.0194569
861.0605,0.0191786
861.5426,0.0189938
862.0247,0.0188952
862.5068,0.0188523
862.989,0.0188384
863.4711,0.0188471
863.9532,0.0188888
864.4353,0.0189742
864.9174,0.0191
865.3995,0.0192474
865.8817,0.0193927
866.3638,0.0195202
866.8459,0.01963
867.328,0.0197352
867.8101,0.0198531
868.2922,0.0199942
868.7744,0.0201556
869.2565,0.0203212
869.7386,0.0204703
870.2207,0.0205902
870.7028,0.0206849
871.1849,0.0207719
871.6671,0.0208662
872.1492,0.0209631
872.6313,0.0210307
873.1134,0.0210209
873.5955,0.0208909
874.0776,0.0206227
874.5598,0.0202302
875.0419,0.0197523
875.524,0.0192412
876.0061,0.0187515
876.4882,0.0183324
876.9703,0.0180187
877.4525,0.0178221
877.9346,0.0177275
878.4167,0.0176993
878.8988,0.0176978
879.3809,0.0176929
879.863,0.0176677
880.3452,0.0176113
880.8273,0.0175123
881.3094,0.017362
881.7915,0.0171665
882.2736,0.016953
882.7557,0.0167587
883.2379,0.0166055
883.72,0.016479
884.2021,0.0163326
884.6842,0.0161188
885.1663,0.015828
885.6484,0.0155071
886.1306,0.0152423
886.6127,0.0151155
887.0948,0.0151639
887.5769,0.0153663
888.059,0.0156626
888.5411,0.0159875
889.0233,0.016297
889.5054,0.0165746
889.9875,0.0168196
890.4696,0.0170354
890.9517,0.0172249
891.4338,0.0173961
891.916,0.0175667
892.3981,0.0177609
892.8802,0.0179974
893.3623,0.0182783
893.8444,0.0185875
894.3265,0.018901
894.8087,0.0192034
895.2908,0.0194968
895.7729,0.0197981
896.255,0.0201234
896.7371,0.0204737
897.2192,0.0208305
897.7014,0.0211659
898.1835,0.0214611
898.6656,0.0217204
899.1477,0.0219727
899.6298,0.0222593
900.1119,0.0226158
900.5941,0.0230584
901.0762,0.0235786
901.5583,0.024147
902.0404,0.0247217
902.5225,0.0252584
903.0046,0.0257215
903.4868,0.0260965
903.9689,0.0263998
904.451,0.0266787
904.9331,0.0269957
905.4152,0.0273999
905.8973,0.0278986
906.3795,0.0284459
906.8616,0.0289593
907.3437,0.0293578
907.8258,0.0296011
908.3079,0.0297082
908.79,0.0297449
909.2722,0.0297867
909.7543,0.0298824
910.2364,0.0300362
910.7185,0.0302175
911.2006,0.0303869
911.6827,0.0305197
912.1649,0.0306135
912.647,0.0306802
913.1291,0.0307325
913.6112,0.0307765
914.0933,0.0308136
914.5754,0.0308447
915.0576,0.0308714
915.5397,0.0308913
916.0218,0.0308954
916.5039,0.0308719
916.986,0.0308163
917.4681,0.0307391
917.9503,0.030663
918.4324,0.0306093
918.9145,0.0305842
919.3966,0.0305778
919.8787,0.0305765
920.3608,0.0305796
920.843,0.030603
921.3251,0.0306656
921.8072,0.0307675
922.2893,0.0308813
922.7714,0.0309662
923.2535,0.0309977
923.7357,0.0309884
924.2178,0.0309827
924.6999,0.0310253
925.182,0.0311267
925.6641,0.0312508
926.1462,0.0313343
926.6284,0.0313244
927.1105,0.0312108
927.5926,0.031031
928.0747,0.0308504
928.5568,0.0307302
929.0389,0.0307023
929.5211,0.0307618
930.0032,0.0308764
930.4853,0.0310047
930.9674,0.0311146
931.4495,0.0311931
931.9316,0.0312457
932.4138,0.0312865
932.8959,0.0313284
933.378,0.0313799
933.8601,0.0314517
934.3422,0.0315654
934.8243,0.0317549
935.3065,0.0320523
935.7886,0.0324665
936.2707,0.0329684
936.7528,0.0334976
937.2349,0.0339878
937.717,0.0343985
938.1992,0.0347304
938.6813,0.0350191
939.1634,0.0353114
939.6455,0.0356426
940.1276,0.0360277
940.6097,0.0364672
941.0919,0.0369573
941.574,0.0374961
942.0561,0.0380805
942.5382,0.0386981
943.0203,0.0393236
943.5024,0.0399233
943.9846,0.0404693
944.4667,0.0409547
944.9488,0.0414013
945.4309,0.0418524
945.913,0.0423511
946.3951,0.0429162
946.8773,0.0435304
947.3594,0.0441514
947.8415,0.04474
948.3236,0.0452869
948.8057,0.0458175
949.2878,0.046369
949.77,0.0469577
950.2521,0.0475595
950.7342,0.0481209
951.2163,0.0485928
951.6984,0.048961
952.1805,0.0492519
952.6627,0.0495081
953.1448,0.0497543
953.6269,0.0499791
954.109,0.0501452
954.5911,0.0502189
955.0732,0.0501982
955.5554,0.0501208
956.0375,0.0500495
956.5196,0.0500442
957.0017,0.0501382
957.4838,0.0503254
957.9659,0.0505643
958.4481,0.0507939
958.9302,0.0509576
959.4123,0.0510267
959.8944,0.0510138
960.3765,0.0509687
960.8586,0.0509567
961.3408,0.051029
961.8229,0.0512004
962.305,0.0514451
962.7871,0.05171
963.2692,0.0519369
963.7513,0.05208
964.2335,0.0521123
964.7156,0.0520234
965.1977,0.0518135
965.6798,0.0514908
966.1619,0.0510718
966.644,0.0505803
967.1262,0.0500437
967.6083,0.0494836
968.0904,0.0489077
968.5725,0.0483063
969.0546,0.0476568
969.5367,0.0469352
970.0189,0.0461293
970.501,0.0452465
970.9831,0.0443134
971.4652,0.043367
971.9473,0.0424423
972.4294,0.0415631
972.9116,0.040739
973.3937,0.0399697
973.8758,0.0392506
974.3579,0.0385767
974.84,0.0379412
975.3221,0.0373341
975.8043,0.0367415
976.2864,0.0361509
976.7685,0.0355584
977.2506,0.0349737
977.7327,0.0344169
978.2148,0.0339081
978.697,0.0334549
979.1791,0.0330456
979.6612,0.0326544
980.1433,0.0322573
980.6254,0.0318498
981.1075,0.0314554
981.5897,0.0311181
982.0718,0.0308817
982.5539,0.0307682
983.036,0.0307654
983.5181,0.0308315
984.0002,0.0309109
984.4824,0.0309542
984.9645,0.0309324
985.4466,0.0308418
985.9287,0.0307002
986.4108,0.0305359
986.8929,0.0303747
987.3751,0.030227
987.8572,0.0300819
988.3393,0.0299122
988.8214,0.0296895
989.3035,0.0294026
989.7856,0.029066
990.2678,0.0287153
990.7499,0.0283885
991.232,0.0281061
991.7141,0.027862
992.1962,0.0276274
992.6783,0.0273651
993.1605,0.0270448
993.6426,0.0266508
994.1247,0.0261835
994.6068,0.0256562
995.0889,0.0250891
995.571,0.0245039
996.0532,0.0239164
996.5353,0.0233319
997.0174,0.0227459
997.4995,0.0221498
997.9816,0.0215393
998.4637,0.0209185
998.9459,0.0202949
999.428,0.0196717
999.9101,0.0190429
1000.3922,0.0183992
1000.8743,0.0177423
1001.3564,0.0170958
1001.8386,0.0165016
1002.3207,0.016
1002.8028,0.0156047
1003.2849,0.0152903
1003.767,0.0150046
1004.2491,0.0146988
1004.7313,0.0143584
1005.2134,0.014012
1005.6955,0.0137136
1006.1776,0.013509
1006.6597,0.0134115
1007.1418,0.013402
1007.624,0.0134489
1008.1061,0.0135309
1008.5882,0.013643
1009.0703,0.0137826
1009.5524,0.0139296
1010.0345,0.0140426
1010.5167,0.0140783
1010.9988,0.0140221
1011.4809,0.0139093
1011.963,0.0138167
1012.4451,0.0138285
1012.9272,0.0139923
1013.4094,0.0142936
1013.8915,0.0146622
1014.3736,0.0150073
1014.8557,0.0152603
1015.3378,0.015403
1015.8199,0.0154689
1016.3021,0.0155197
1016.7842,0.0156098
1017.2663,0.0157596
1017.7484,0.0159502
1018.2305,0.016142
1018.7126,0.0163039
1019.1948,0.0164359
1019.6769,0.0165698
1020.159,0.0167487
1020.6411,0.0169998
1021.1232,0.0173174
1021.6053,0.017668
1022.0875,0.0180113
1022.5696,0.0183218
1023.0517,0.0185977
1023.5338,0.0188547
1024.016,0.0191109
1024.498,0.0193776
1024.9802,0.0196593
1025.4623,0.0199594
1025.9445,0.0202847
1026.4265,0.0206426
1026.9087,0.021034
1027.3907,0.0214469
1027.8729,0.0218572
1028.355,0.0222364
1028.8372,0.0225625
1029.3192,0.0228293
1029.8014,0.0230498
1030.2834,0.0232533
1030.7656,0.023476
1031.2477,0.0237495
1031.7299,0.0240891
1032.2119,0.0244873
1032.6941,0.0249146
1033.1761,0.0253294
1033.6583,0.0256937
1034.1404,0.0259875
1034.6226,0.0262142
1035.1046,0.0263959
1035.5868,0.0265624
1036.0688,0.0267411
1036.551,0.0269529
1037.0331,0.027213
1037.5153,0.0275344
1037.9973,0.0279277
1038.4795,0.0283968
1038.9615,0.0289312
1039.4437,0.0295018
1039.9258,0.0300663
1040.408,0.0305844
1040.89,0.031036
1041.3722,0.0314309
1041.8542,0.0318048
1042.3364,0.032201
1042.8185,0.0326513
1043.3007,0.0331662
1043.7827,0.0337405
1044.2649,0.0343685
1044.7469,0.0350576
1045.2291,0.0358282
1045.7112,0.0367001
1046.1934,0.0376736
1046.6754,0.0387199
1047.1576,0.0397871
1047.6396,0.0408224
1048.1218,0.0417968
1048.6039,0.0427186
1049.0861,0.0436286
1049.5681,0.0445793
1050.0503,0.0456087
1050.5323,0.0467232
1051.0145,0.0478965
1051.4966,0.0490831
1051.9788,0.0502366
1052.4608,0.051324
1052.943,0.0523275
1053.425,0.0532407
1053.9072,0.0540619
1054.3893,0.0547935
1054.8715,0.0554451
1055.3535,0.056035
1055.8357,0.0565868
1056.3177,0.0571199
1056.7999,0.0576401
1057.282,0.0581359
1057.7642,0.0585834
1058.2462,0.0589559
1058.7284,0.0592332
1059.2104,0.0594062
1059.6926,0.0594772
1060.1747,0.0594575
1060.6569,0.0593645
1061.1389,0.059217
1061.6211,0.0590315
1062.1031,0.0588199
1062.5853,0.0585899
1063.0674,0.0583495
1063.5496,0.0581098
1064.0316,0.0578841
1064.5138,0.0576817
1064.9958,0.0575036
1065.478,0.057343
1065.9601,0.057193
1066.4423,0.0570562
1066.9243,0.0569452
1067.4065,0.0568748
1067.8885,0.0568492
1068.3707,0.0568541
1068.8528,0.0568617
1069.335,0.0568444
1069.817,0.0567889
1070.2992,0.0567014
1070.7813,0.0566022
1071.2634,0.0565138
1071.7455,0.0564504
1072.2277,0.0564148
1072.7097,0.0564011
1073.1919,0.0564005
1073.674,0.0564039
1074.1561,0.0564008
1074.6382,0.0563767
1075.1204,0.0563152
1075.6024,0.0562065
1076.0846,0.0560592
1076.5667,0.0559036
1077.0488,0.0557753
1077.5309,0.0556827
1078.0131,0.0555782
1078.4951,0.0553612
1078.9773,0.0549265
1079.4594,0.0542418
1079.9415,0.0534
1080.4236,0.0526002
1080.9058,0.0520593
1081.3878,0.0519055
1081.87,0.0521163
1082.3521,0.052528
1082.8342,0.0529124
1083.3163,0.0530852
1083.7985,0.0529877
1084.2805,0.0526924
1084.7627,0.0523364
1085.2448,0.0520351
1085.7269,0.0518329
1086.209,0.0517047
1086.6912,0.0515923
1087.1732,0.0514423
1087.6554,0.0512263
1088.1375,0.0509402
1088.6196,0.0505933
1089.1017,0.0502004
1089.5839,0.0497798
1090.0659,0.0493516
1090.5481,0.0489326
1091.0302,0.0485282
1091.5123,0.0481258
1091.9944,0.0476977
1092.4766,0.0472125
1092.9586,0.0466498
1093.4408,0.0460109
1093.9229,0.0453188
1094.405,0.0446078
1094.8871,0.0439109
1095.3693,0.0432501
1095.8513,0.0426341
1096.3335,0.0420606
1096.8156,0.0415187
1097.2977,0.0409902
1097.7798,0.0404519
1098.262,0.0398827
1098.744,0.0392747
1099.2262,0.0386437
1099.7083,0.0380287
1100.1904,0.0374789
1100.6725,0.0370317
1101.1547,0.0366946
1101.6367,0.036443
1102.1189,0.0362365
1102.601,0.0360446
1103.0831,0.0358651
1103.5652,0.0357241
1104.0474,0.035656
1104.5294,0.0356774
1105.0116,0.0357699
1105.4937,0.0358843
1105.9758,0.0359619
1106.4579,0.035959
1106.9401,0.0358607
1107.4221,0.0356803
1107.9043,0.0354489
1108.3864,0.0352076
1108.8685,0.035003
1109.3506,0.034882
1109.8328,0.034879
1110.3148,0.034997
1110.797,0.0351963
1111.2791,0.0354049
1111.7612,0.0355524
1112.2433,0.0356103
1112.7255,0.035611
1113.2075,0.0356311
1113.6897,0.0357454
1114.1718,0.0359825
1114.6539,0.0363105
1115.136,0.0366626
1115.6182,0.0369841
1116.1002,0.0372676
1116.5824,0.0375549
1117.0645,0.0379052
1117.5466,0.0383546
1118.0287,0.0388934
1118.5109,0.0394736
1118.9929,0.0400378
1119.4751,0.0405502
1119.9572,0.0410102
1120.4393,0.0414459
1120.9214,0.0418946
1121.4036,0.0423832
1121.8856,0.0429192
1122.3678,0.0434939
1122.8499,0.0440924
1123.332,0.0447029
1123.8141,0.0453219
1124.2963,0.0459527
1124.7783,0.0465996
1125.2605,0.0472618
1125.7426,0.0479305
1126.2247,0.048592
1126.7068,0.0492351
1127.189,0.04986
1127.671,0.0504834
1128.1532,0.0511348
1128.6353,0.0518483
1129.1174,0.0526515
1129.5995,0.0535574
1130.0817,0.0545616
1130.5637,0.0556431
1131.0459,0.0567689
1131.528,0.0579015
1132.0101,0.0590092
1132.4922,0.0600787
1132.9744,0.0611222
1133.4564,0.0621729
1133.9386,0.063267
1134.4207,0.0644201
1134.9028,0.0656121
1135.3849,0.0667928
1135.8671,0.0679058
1136.3491,0.0689186
1136.8313,0.069839
1137.3134,0.0707074
1137.7955,0.0715716
1138.2776,0.0724592
1138.7598,0.0733657
1139.2418,0.0742618
1139.724,0.0751126
1140.2061,0.075896
1140.6882,0.0766085
1141.1703,0.0772602
1141.6525,0.0778649
1142.1345,0.0784322
1142.6167,0.0789647
1143.0988,0.0794586
1143.5809,0.0799056
1144.063,0.0802944
1144.5452,0.080612
1145.0272,0.0808453
1145.5094,0.0809822
1145.9915,0.0810136
1146.4736,0.0809344
1146.9557,0.0807449
1147.4379,0.0804527
1147.9199,0.0800716
1148.4021,0.0796172
1148.8842,0.0790993
1149.3663,0.0785152
1149.8484,0.0778496
1150.3306,0.077083
1150.8126,0.0762042
1151.2948,0.0752185
1151.7769,0.0741458
1152.259,0.0730086
1152.7411,0.0718203
1153.2233,0.0705837
1153.7053,0.0693018
1154.1875,0.0679934
1154.6696,0.0666993
1155.1517,0.0654719
1155.6338,0.0643505
1156.116,0.06334
1156.598,0.062406
1157.0802,0.0614914
1157.5623,0.0605438
1158.0444,0.0595395
1158.5265,0.0584905
1159.0087,0.0574363
1159.4907,0.056424
1159.9729,0.055489
1160.455,0.0546425
1160.9371,0.0538693
1161.4192,0.0531375
1161.9014,0.0524177
1162.3834,0.0517019
1162.8656,0.0510126
1163.3477,0.0503937
1163.8298,0.0498853
1164.3119,0.0494989
1164.7941,0.049207
1165.2761,0.0489574
1165.7583,0.0486994
1166.2404,0.0484074
1166.7225,0.0480847
1167.2046,0.047752
1167.6868,0.0474292
1168.1688,0.0471266
1168.651,0.0468449
1169.1331,0.0465807
1169.6152,0.0463285
1170.0973,0.0460821
1170.5795,0.0458371
1171.0615,0.0455993
1171.5437,0.0453899
1172.0258,0.0452405
1172.5079,0.0451759
1172.99,0.0451951
1173.4722,0.0452668
1173.9542,0.0453442
1174.4364,0.0453908
1174.9185,0.0453966
1175.4006,0.0453748
1175.8827,0.0453416
1176.3649,0.0452987
1176.8469,0.0452317
1177.3291,0.0451263
1177.8112,0.0449857
1178.2933,0.0448363
1178.7754,0.044716
1179.2576,0.0446555
1179.7396,0.0446656
1180.2218,0.0447378
1180.7039,0.0448539
1181.186,0.0449963
1181.6681,0.0451535
1182.1503,0.0453214
1182.6323,0.0455019
1183.1145,0.0457021
1183.5966,0.0459327
1184.0787,0.0462032
1184.5608,0.0465175
1185.043,0.0468695
1185.525,0.0472434
1186.0072,0.0476159
1186.4893,0.0479608
1186.9714,0.0482543
1187.4535,0.0484818
1187.9357,0.0486449
1188.4177,0.048764
1188.8999,0.0488715
1189.382,0.048996
1189.8641,0.0491424
1190.3462,0.0492813
1190.8284,0.049356
1191.3104,0.049306
1191.7926,0.0490955
1192.2747,0.0487298
1192.7568,0.0482495
1193.2389,0.0477077
1193.7211,0.0471425
1194.2031,0.0465623
1194.6853,0.0459484
1195.1674,0.0452736
1195.6495,0.0445223
1196.1316,0.0437016
1196.6138,0.042838
1197.0958,0.0419641
1197.578,0.0411025
1198.0601,0.0402573
1198.5422,0.0394153
1199.0243,0.0385556
1199.5065,0.0376622
1199.9885,0.0367321
1200.4707,0.0357767
1200.9528,0.0348165
1201.4349,0.0338747
1201.917,0.0329695
1202.3992,0.0321115
1202.8812,0.031302
1203.3634,0.0305341
1203.8455,0.0297948
1204.3276,0.0290688
1204.8097,0.0283432
1205.2919,0.0276118
1205.7739,0.0268773
1206.2561,0.0261501
1206.7382,0.0254456
1207.2203,0.0247804
1207.7024,0.0241699
1208.1846,0.0236248
1208.6666,0.0231483
1209.1488,0.0227345
1209.6309,0.0223708
1210.113,0.0220465
1210.5951,0.021762
1211.0773,0.0215326
1211.5593,0.0213812
1212.0415,0.0213225
1212.5236,0.0213495
1213.0057,0.0214335
1213.4878,0.0215404
1213.97,0.0216517
1214.452,0.0217763
1214.9342,0.0219423
1215.4163,0.0221751
1215.8984,0.0224769
1216.3805,0.0228235
1216.8627,0.0231801
1217.3447,0.0235236
1217.8269,0.0238571
1218.309,0.0242051
1218.7911,0.0245966
1219.2732,0.0250479
1219.7554,0.0255555
1220.2374,0.0261018
1220.7196,0.0266655
1221.2017,0.0272296
1221.6838,0.0277843
1222.1659,0.0283266
1222.6481,0.0288602
1223.1301,0.0293958
1223.6123,0.0299505
1224.0944,0.0305421
1224.5765,0.0311819
1225.0586,0.0318672
1225.5408,0.0325819
1226.0228,0.0333039
1226.505,0.0340167
1226.9871,0.0347171
1227.4692,0.0354149
1227.9513,0.0361228
1228.4335,0.0368437
1228.9155,0.0375641
1229.3977,0.0382579
1229.8798,0.0389016
1230.3619,0.0394902
1230.844,0.0400442
1231.3262,0.0406012
1231.8082,0.0411966
1232.2904,0.0418429
1232.7725,0.0425206
1233.2546,0.0431852
1233.7367,0.0437859
1234.2189,0.044286
1234.7009,0.0446761
1235.1831,0.044974
1235.6652,0.0452148
1236.1473,0.0454353
1236.6294,0.0456591
1237.1116,0.0458895
1237.5936,0.0461107
1238.0758,0.0462984
1238.5579,0.0464322
1239.04,0.0465044
1239.5221,0.0465198
1240.0043,0.0464883
1240.4863,0.0464167
1240.9685,0.046306
1241.4506,0.0461553
1241.9327,0.0459686
1242.4148,0.0457559
1242.897,0.0455289
1243.379,0.0452933
1243.8612,0.0450459
1244.3433,0.0447789
1244.8254,0.0444889
1245.3075,0.0441815
1245.7897,0.0438676
1246.2717,0.0435536
1246.7539,0.0432336
1247.236,0.0428902
1247.7181,0.0425043
1248.2002,0.0420678
1248.6824,0.0415904
1249.1644,0.0410972
1249.6466,0.040618
1250.1287,0.0401764
1250.6108,0.0397817
1251.0929,0.0394274
1251.5751,0.0390937
1252.0571,0.0387544
1252.5393,0.0383857
1253.0214,0.0379761
1253.5035,0.0375329
1253.9856,0.0370813
1254.4678,0.0366551
1254.9498,0.0362804
1255.432,0.035963
1255.9141,0.0356856
1256.3962,0.0354172
1256.8783,0.0351302
1257.3605,0.0348144
1257.8425,0.0344805
1258.3247,0.0341524
1258.8068,0.0338533
1259.2889,0.0335935
1259.771,0.0333666
1260.2532,0.0331528
1260.7352,0.0329286
1261.2174,0.0326793
1261.6995,0.0324064
1262.1816,0.0321305
1262.6637,0.0318835
1263.1459,0.0316956
1263.6279,0.0315813
1264.1101,0.031532
1264.5922,0.03152
1265.0743,0.0315121
1265.5564,0.0314834
1266.0386,0.031425
1266.5206,0.0313414
1267.0028,0.0312435
1267.4849,0.0311414
1267.967,0.0310421
1268.4491,0.03095
1268.9313,0.0308665
1269.4133,0.0307881
1269.8955,0.0307049
1270.3776,0.0306025
1270.8597,0.0304679
1271.3418,0.0302943
1271.824,0.0300816
1272.306,0.029831
1272.7882,0.0295379
1273.2703,0.0291915
1273.7524,0.0287807
1274.2345,0.0283032
1274.7167,0.0277704
1275.1987,0.0272033
1275.6809,0.0266232
1276.163,0.0260429
1276.6451,0.0254635
1277.1272,0.0248793
1277.6094,0.0242824
1278.0914,0.0236666
1278.5736,0.0230261
1279.0557,0.0223556
1279.5378,0.021654
1280.0199,0.0209302
1280.5021,0.0202064
1280.9841,0.019513
1281.4663,0.018877
1281.9484,0.0183091
1282.4305,0.017799
1282.9126,0.0173225
1283.3948,0.0168553
1283.8768,0.0163865
1284.359,0.0159214
1284.8411,0.0154748
1285.3232,0.0150591
1285.8053,0.0146756
1286.2875,0.0143146
1286.7695,0.0139613
1287.2517,0.013603
1287.7338,0.0132338
1288.2159,0.0128555
1288.698,0.0124765
1289.1802,0.0121106
1289.6622,0.0117737
1290.1444,0.0114798
1290.6265,0.0112352
1291.1086,0.0110342
1291.5907,0.0108608
1292.0729,0.0106962
1292.5549,0.0105259
1293.0371,0.0103442
1293.5192,0.0101509
1294.0013,0.00994644
1294.4834,0.00972981
1294.9656,0.00950157
1295.4476,0.00926918
1295.9298,0.00904783
1296.4119,0.0088534
1296.894,0.00869096
1297.3761,0.00854752
1297.8583,0.00839639
1298.3403,0.00821231
1298.8225,0.00798822
1299.3046,0.00774216
1299.7867,0.00750887
1300.2688,0.0073203
1300.751,0.00718718
1301.233,0.00709311
1301.7152,0.00700491
1302.1973,0.00689236
1302.6794,0.00674484
1303.1615,0.006575
1303.6437,0.00640824
1304.1257,0.00626558
1304.6079,0.00615113
1305.09,0.00605116
1305.5721,0.0059444
1306.0542,0.00581606
1306.5364,0.00566695
1307.0184,0.00551294
1307.5006,0.0053761
1307.9827,0.00527322
1308.4648,0.00520785
1308.9469,0.00516952
1309.4291,0.00513984
1309.9111,0.00510176
1310.3933,0.00504713
1310.8754,0.00497928
1311.3575,0.00491013
1311.8396,0.00485395
1312.3218,0.0048211
1312.8038,0.00481456
1313.286,0.00483017
1313.7681,0.00485908
1314.2502,0.00488996
1314.7323,0.00491011
1315.2145,0.00490687
1315.6965,0.00487146
1316.1787,0.00480484
1316.6608,0.00472166
1317.1429,0.0046474
1317.625,0.00460766
1318.1072,0.0046145
1318.5892,0.00465864
1319.0714,0.00471412
1319.5535,0.00475388
1320.0356,0.00476625
1320.5177,0.00476023
1320.9999,0.0047559
1321.4819,0.00476711
1321.9641,0.00478938
1322.4462,0.0048013
1322.9283,0.00477875
1323.4104,0.00471223
1323.8926,0.00461507
1324.3746,0.00451662
1324.8568,0.00444538
1325.3389,0.00441376
1325.821,0.00441432
1326.3031,0.00442844
1326.7853,0.0044402
1327.2673,0.00444538
1327.7495,0.00445038
1328.2316,0.00446354
1328.7137,0.00448671
1329.1958,0.00451337
1329.678,0.0045338
1330.16,0.00454251
1330.6422,0.00454166
1331.1243,0.00453871
1331.6064,0.00454069
1332.0885,0.00455031
1332.5707,0.00456649
1333.0527,0.00458822
1333.5349,0.00461768
1334.017,0.00465944
1334.4991,0.00471588
1334.9812,0.00478213
1335.4634,0.00484444
1335.9454,0.00488446
1336.4276,0.00488812
1336.9097,0.00485435
1337.3918,0.00479786
1337.8739,0.00474327
1338.3561,0.00471369
1338.8381,0.00471965
1339.3203,0.00475408
1339.8024,0.00479686
1340.2845,0.00482726
1340.7666,0.00483621
1341.2488,0.00482932
1341.7308,0.00481997
1342.213,0.00481973
1342.6951,0.00483299
1343.1772,0.00485784
1343.6593,0.0048903
1344.1415,0.0049277
1344.6235,0.00496832
1345.1057,0.00500817
1345.5878,0.00503898
1346.0699,0.00505045
1346.552,0.00503598
1347.0342,0.00499787
1347.5162,0.0049481
1347.9984,0.00490397
1348.4805,0.0048816
1348.9626,0.00489082
1349.4447,0.00493337
1349.9269,0.00500405
1350.4089,0.00509279
1350.8911,0.00518671
1351.3732,0.00527241
1351.8553,0.0053393
1352.3374,0.00538361
1352.8196,0.00541094
1353.3016,0.00543494
1353.7838,0.00547153
1354.2659,0.00553076
1354.748,0.00561063
1355.2301,0.00569705
1355.7123,0.00577107
1356.1943,0.00581974
1356.6765,0.00584445
1357.1586,0.00586228
1357.6407,0.00589905
1358.1228,0.0059775
1358.605,0.00610693
1359.087,0.00627981
1359.5692,0.00647662
1360.0513,0.00667531
1360.5334,0.00685974
1361.0155,0.00702255
1361.4977,0.00716148
1361.9797,0.00727286
1362.4619,0.00734849
1362.944,0.00737966
1363.4261,0.00736559
1363.9082,0.00731795
1364.3904,0.00725672
1364.8724,0.00720203
1365.3546,0.00716864
1365.8367,0.00716484
1366.3188,0.00719274
1366.8009,0.00724757
1367.2831,0.00731648
1367.7651,0.00737954
1368.2473,0.00741496
1368.7294,0.00740764
1369.2115,0.00735656
1369.6936,0.00727628
1370.1758,0.00719122
1370.6578,0.0071264
1371.14,0.00709995
1371.6221,0.00711997
1372.1042,0.00718466
1372.5863,0.00728342
1373.0685,0.0073983
1373.5505,0.0075073
1374.0327,0.00759185
1374.5148,0.00764606
1374.9969,0.00768066
1375.479,0.00771721
1375.9612,0.00777791
1376.4432,0.00787874
1376.9254,0.00802782
1377.4075,0.00822595
1377.8896,0.00846711
1378.3717,0.00873928
1378.8539,0.00902694
1379.3359,0.00931516
1379.8181,0.0095934
1380.3002,0.00985698
1380.7823,0.0101058
1381.2644,0.0103415
1381.7466,0.0105653
1382.2286,0.0107765
1382.7108,0.0109734
1383.1929,0.0111544
1383.675,0.0113196
1384.1571,0.0114707
1384.6393,0.0116112
1385.1213,0.011744
1385.6035,0.0118675
1386.0856,0.0119707
1386.5677,0.0120305
1387.0498,0.012019
1387.532,0.0119216
1388.014,0.0117528
1388.4962,0.0115489
1388.9783,0.0113449
1389.4604,0.0111576
1389.9425,0.0109867
1390.4247,0.010823
1390.9067,0.0106598
1391.3889,0.0104993
1391.871,0.0103519
1392.3531,0.0102283
1392.8352,0.010131
1393.3174,0.0100483
1393.7994,0.00995434
1394.2816,0.00981764
1394.7637,0.00962143
1395.2458,0.00938144
1395.7279,0.00913928
1396.2101,0.00893638
1396.6921,0.00879494
1397.1743,0.00871443
1397.6564,0.0086743
1398.1385,0.0086379
1398.6206,0.00856305
1399.1028,0.00842299
1399.5848,0.00822399
1400.067,0.00799926
1400.5491,0.00778526
1401.0313,0.00760488
1401.5133,0.00746599
1401.9955,0.00736742
1402.4775,0.00730426
1402.9597,0.00726979
1403.4418,0.00725431
1403.924,0.00724317
1404.406,0.00721733
1404.8882,0.00715937
1405.3702,0.00706223
1405.8524,0.00693274
1406.3345,0.00678526
1406.8167,0.00663206
1407.2987,0.00647894
1407.7809,0.00632733
1408.2629,0.00617894
1408.7451,0.006039
1409.2272,0.00591569
1409.7094,0.00581682
1410.1914,0.00574661
1410.6736,0.00570481
1411.1556,0.00568827
1411.6378,0.00569351
1412.1199,0.00571889
1412.6021,0.00576534
1413.0841,0.00583571
1413.5663,0.0059335
1414.0483,0.00606134
1414.5305,0.00621936
1415.0126,0.00640347
1415.4948,0.00660494
1415.9768,0.00681337
1416.459,0.00702283
1416.941,0.00723715
1417.4232,0.00746909
1417.9053,0.00773169
1418.3875,0.00802251
1418.8695,0.00830851
1419.3517,0.00853622
1419.8337,0.00867966
1420.3159,0.0087705
1420.798,0.00886803
1421.2802,0.00902026
1421.7622,0.00925391
1422.2444,0.00957833
1422.7264,0.00998649
1423.2086,0.010454
1423.6907,0.0109459
1424.1729,0.0114358
1424.6549,0.0119214
1425.1371,0.012423
1425.6191,0.0129675
1426.1013,0.0135731
1426.5834,0.0142406
1427.0656,0.014956
1427.5476,0.0156991
1428.0298,0.016456
1428.5118,0.0172216
1428.994,0.0179933
1429.4761,0.0187576
1429.9583,0.0194869
1430.4403,0.0201556
1430.9225,0.0207594
1431.4045,0.021316
1431.8867,0.0218449
1432.3688,0.0223461
1432.851,0.0227954
1433.333,0.0231642
1433.8152,0.0234465
1434.2972,0.0236671
1434.7794,0.0238608
1435.2615,0.0240407
1435.7437,0.0241713
1436.2257,0.0241683
1436.7079,0.0239655
1437.1899,0.0236102
1437.6721,0.0232341
1438.1542,0.0229344
1438.6364,0.022736
1439.1184,0.0226248
1439.6006,0.0225767
1440.0826,0.0225672
1440.5648,0.0225722
1441.0469,0.0225722
1441.5291,0.0225581
1442.0111,0.0225354
1442.4933,0.022522
1442.9753,0.0225399
1443.4575,0.0226058
1443.9396,0.0227243
1444.4218,0.022888
1444.9038,0.0230841
1445.386,0.0233007
1445.868,0.0235275
1446.3502,0.0237482
1446.8323,0.0239301
1447.3145,0.0240247
1447.7965,0.0239877
1448.2787,0.0238146
1448.7607,0.0235516
1449.2429,0.0232662
1449.725,0.0230084
1450.2072,0.0227941
1450.6892,0.0226089
1451.1714,0.0224204
1451.6534,0.022195
1452.1356,0.0219169
1452.6177,0.0216004
1453.0999,0.0212845
1453.5819,0.0210125
1454.0641,0.0208117
1454.5461,0.0206845
1455.0283,0.0206095
1455.5104,0.0205468
1455.9926,0.020446
1456.4746,0.0202632
1456.9568,0.0199899
1457.4388,0.0196591
1457.921,0.0193069
1458.4031,0.0189444
1458.8853,0.0185715
1459.3673,0.0181972
1459.8495,0.0178417
1460.3315,0.0175264
1460.8137,0.0172645
1461.2958,0.0170582
1461.778,0.0169038
1462.26,0.0167974
1462.7422,0.0167359
1463.2242,0.0167096
1463.7064,0.0166909
1464.1885,0.0166321
1464.6707,0.0164856
1465.1527,0.016247
1465.6349,0.0159709
1466.1169,0.0157294
1466.5991,0.015566
1467.0812,0.015486
1467.5634,0.0154696
1468.0454,0.0154882
1468.5276,0.0155193
1469.0096,0.0155599
1469.4918,0.0156291
1469.9739,0.0157575
1470.4561,0.0159725
1470.9381,0.0162839
1471.4203,0.0166687
1471.9023,0.0170583
1472.3845,0.017357
1472.8666,0.0175121
1473.3488,0.0175635
1473.8308,0.0175959
1474.313,0.0176658
1474.795,0.0177805
1475.2772,0.0179106
1475.7593,0.0180084
1476.2415,0.0180342
1476.7235,0.0179852
1477.2057,0.017901
1477.6877,0.017835
1478.1699,0.0178241
1478.652,0.0178799
1479.1342,0.0179924
1479.6162,0.018136
1480.0984,0.0182747
1480.5804,0.0183717
1481.0626,0.0184036
1481.5447,0.0183697
1482.0269,0.0182896
1482.5089,0.0181908
1482.9911,0.0180947
1483.4731,0.0180119
1483.9553,0.0179449
1484.4374,0.0178944
1484.9196,0.0178603
1485.4016,0.0178345
1485.8838,0.0177923
1486.3658,0.0176927
1486.848,0.0174991
1487.3301,0.0172084
1487.8123,0.0168564
1488.2943,0.0164846
1488.7765,0.0161005
1489.2585,0.0156675
1489.7407,0.0151349
1490.2228,0.014491
1490.705,0.0137922
1491.187,0.01312
1491.6692,0.0125172
1492.1512,0.011979
1492.6334,0.011488
1493.1155,0.011041
1493.5977,0.0106497
1494.0797,0.0103223
1494.5619,0.0100429
1495.0439,0.00976663
1495.5261,0.00943862
1496.0082,0.00903665
1496.4904,0.00859865
1496.9724,0.00818733
1497.4546,0.00782808
1497.9366,0.00749315
1498.4188,0.00713414
1498.9009,0.00672572
1499.3831,0.00628895
1499.8651,0.00587321
1500.3473,0.00551475
1500.8293,0.00521487
1501.3115,0.00494992
1501.7936,0.00469461
1502.2758,0.00444156
1502.7578,0.00420696
1503.24,0.00402102
1503.722,0.00391463
1504.2042,0.00391451
1504.6863,0.00404422
1505.1685,0.00431548
1505.6505,0.00469103
1506.1327,0.00503568
1506.6147,0.00516727
1507.0969,0.00503277
1507.579,0.00473857
1508.0612,0.00440422
1508.5432,0.00408933
1509.0254,0.00381429
1509.5074,0.00358925
1509.9896,0.0034243
1510.4717,0.00332707
1510.9539,0.00329672
1511.4359,0.0033198
1511.9181,0.00337117
1512.4001,0.00342237
1512.8823,0.00345439
1513.3644,0.00346555
1513.8466,0.00346777
1514.3286,0.00347537
1514.8108,0.00349384
1515.2928,0.00351087
1515.775,0.00349067
1516.2571,0.00338061
1516.7393,0.0031465
1517.2213,0.00282106
1517.7035,0.00249868
1518.1855,0.00226816
1518.6677,0.00217035
1519.1498,0.00221049
1519.632,0.0023804
1520.114,0.00265749
1520.5962,0.00297577
1521.0782,0.00320449
1521.5604,0.00321888
1522.0425,0.00302582
1522.5247,0.00274355
1523.0067,0.00247959
1523.4889,0.00228464
1523.9709,0.00217071
1524.4531,0.00213027
1524.9352,0.00214225
1525.4174,0.00217575
1525.8994,0.0022007
1526.3816,0.00220009
1526.8636,0.00217116
1527.3458,0.0021164
1527.8279,0.00203676
1528.3101,0.00193276
1528.7921,0.00180986
1529.2743,0.00168121
1529.7563,0.00156506
1530.2385,0.00148017
1530.7206,0.00144344
1531.2028,0.00146926
1531.6848,0.00156738
1532.167,0.00173456
1532.649,0.0019392
1533.1312,0.0021118
1533.6133,0.00217137
1534.0955,0.00208765
1534.5775,0.00190781
1535.0597,0.00171313
1535.5417,0.00156857
1536.0239,0.00150964
1536.506,0.00155243
1536.9882,0.00170682
1537.4702,0.00198397
1537.9524,0.00239134
1538.4344,0.0029026
1538.9166,0.00340614
1539.3987,0.0037147
1539.8809,0.00372525
1540.3629,0.00352751
1540.8451,0.0032751
1541.3271,0.00305016
1541.8093,0.0028588
1542.2914,0.00267923
1542.7736,0.0025004
1543.2556,0.0023315
1543.7378,0.00218857
1544.2198,0.002078
1544.702,0.00198801
1545.1841,0.00189224
1545.6663,0.00176805
1546.1483,0.00161657
1546.6305,0.00146334
1547.1125,0.00134253
1547.5947,0.00128313
1548.0768,0.00130102
1548.559,0.00139128
1549.041,0.00152122
1549.5232,0.00163518
1550.0052,0.00168165
1550.4874,0.00164935
1550.9695,0.0015756
1551.4517,0.0015172
1551.9337,0.00151831
1552.4159,0.00159922
1552.8979,0.00175557
1553.3801,0.00195189
1553.8622,0.002118
1554.3444,0.00218381
1554.8264,0.00214399
1555.3086,0.00206467
1555.7906,0.0020272
1556.2728,0.00209438
1556.7549,0.00231423
1557.2371,0.00272269
1557.7191,0.00331021
1558.2013,0.00393864
1558.6833,0.00430505
1559.1655,0.00416417
1559.6476,0.00361401
1560.1298,0.0029519
1560.6118,0.00238054
1561.094,0.00195889
1561.576,0.00167737
1562.0582,0.00151236
1562.5403,0.00144409
1563.0225,0.00145557
1563.5045,0.00152446
1563.9867,0.00161655
1564.4688,0.00169041
1564.9509,0.00171616
1565.433,0.00169383
1565.9152,0.00165177
1566.3972,0.00162739
1566.8794,0.00164946
1567.3615,0.00173216
1567.8436,0.00187485
1568.3257,0.00205766
1568.8079,0.00223108
1569.2899,0.00231993
1569.7721,0.00227089
1570.2542,0.00210446
1570.7363,0.00189172
1571.2184,0.00169367
1571.7006,0.00154019
1572.1826,0.00144053
1572.6648,0.00139436
1573.1469,0.00139639
1573.629,0.00143991
1574.1111,0.00152131
1574.5933,0.00164153
1575.0753,0.00179777
1575.5575,0.00196212
1576.0396,0.00206753
1576.5217,0.00205195
1577.0038,0.00192654
1577.486,0.00175517
1577.968,0.00159169
1578.4502,0.0014632
1578.9323,0.00138053
1579.4144,0.00134587
1579.8965,0.00135342
1580.3787,0.00138954
1580.8607,0.00143632
1581.3429,0.00147696
1581.825,0.00149952
1582.3071,0.00149866
1582.7892,0.00147638
1583.2714,0.00144136
1583.7534,0.00140588
1584.2356,0.00138102
1584.7177,0.00137269
1585.1998,0.00138049
1585.6819,0.00139941
1586.1641,0.00142279
1586.6461,0.00144453
1587.1283,0.00145986
1587.6105,0.00146529
1588.0925,0.00145903
1588.5747,0.00144196
1589.0568,0.00141823
1589.5389,0.00139461
1590.021,0.00137861
1590.5032,0.00137645
1590.9852,0.00139182
1591.4674,0.0014254
1591.9495,0.00147486
1592.4316,0.00153485
1592.9137,0.00159741
1593.3959,0.00165342
1593.8779,0.00169523
1594.3601,0.00171933
1594.8422,0.0017272
1595.3243,0.00172342
1595.8064,0.00171232
1596.2886,0.00169562
1596.7706,0.00167294
1597.2528,0.00164437
1597.7349,0.00161308
1598.217,0.00158595
1598.6991,0.00157187
1599.1813,0.00157879
1599.6633,0.00161083
1600.1455,0.00166614
1600.6276,0.00173597
1601.1097,0.00180565
1601.5918,0.00185792
1602.074,0.00187901
1602.556,0.00186558
1603.0382,0.00182892
1603.5203,0.0017919
1604.0024,0.00177847
1604.4845,0.00180091
1604.9667,0.00185343
1605.4487,0.00191577
1605.9309,0.00196476
1606.413,0.00198719
1606.8951,0.00198648
1607.3772,0.0019787
1607.8594,0.00198077
1608.3414,0.00199965
1608.8236,0.00202972
1609.3057,0.00205874
1609.7878,0.00207712
1610.2699,0.00208352
1610.7521,0.00208359
1611.2341,0.00208463
1611.7163,0.00209166
1612.1984,0.00210748
1612.6805,0.00213491
1613.1626,0.00217862
1613.6448,0.00224522
1614.1268,0.00234252
1614.609,0.00247864
1615.0911,0.00265871
1615.5732,0.00287334
1616.0553,0.00307801
1616.5375,0.00319204
1617.0195,0.00316264
1617.5017,0.00302761
1617.9838,0.00286716
1618.4659,0.00273121
1618.948,0.00263053
1619.4302,0.00255794
1619.9122,0.00250683
1620.3944,0.00248155
1620.8765,0.00249782
1621.3586,0.00257345
1621.8407,0.00271487
1622.3229,0.00290375
1622.8049,0.00308832
1623.2871,0.00319781
1623.7692,0.00319319
1624.2513,0.00310586
1624.7334,0.00300706
1625.2156,0.00295285
1625.6976,0.00296462
1626.1798,0.00303565
1626.6619,0.00313894
1627.144,0.00323342
1627.6261,0.0032789
1628.1083,0.00325976
1628.5903,0.00319603
1629.0725,0.00312735
1629.5546,0.00308723
1630.0367,0.00308933
1630.5188,0.00312681
1631.001,0.0031791
1631.483,0.00322467
1631.9652,0.00325611
1632.4473,0.00328719
1632.9294,0.00334709
1633.4115,0.00346908
1633.8937,0.00367976
1634.3757,0.00398046
1634.8579,0.00431181
1635.34,0.00454114
1635.8221,0.00455822
1636.3042,0.00439277
1636.7864,0.00416134
1637.2684,0.00395379
1637.7506,0.0038067
1638.2327,0.00372359
1638.7148,0.00369173
1639.1969,0.00369087
1639.6791,0.00370036
1640.1611,0.00370532
1640.6433,0.00369982
1641.1254,0.00368654
1641.6075,0.00367433
1642.0896,0.00367497
1642.5718,0.00369984
1643.0538,0.00375767
1643.536,0.00385427
1644.0181,0.00399338
1644.5002,0.00417656
1644.9823,0.00440001
1645.4645,0.0046472
1645.9465,0.00488184
1646.4287,0.00505374
1646.9108,0.00512236
1647.3929,0.00507702
1647.875,0.00493677
1648.3572,0.004742
1648.8392,0.00454545
1649.3214,0.0043981
1649.8035,0.00433446
1650.2856,0.00436918
1650.7677,0.00450686
1651.2499,0.0047565
1651.7319,0.00513794
1652.2141,0.00565065
1652.6962,0.00615877
1653.1783,0.00634828
1653.6604,0.00610631
1654.1426,0.00567302
1654.6246,0.00525716
1655.1068,0.00492252
1655.5889,0.00467376
1656.071,0.00450398
1656.5531,0.00440314
1657.0353,0.00435666
1657.5173,0.0043469
1657.9995,0.00435812
1658.4816,0.00438072
1658.9637,0.00441144
1659.4458,0.00445092
1659.928,0.00450224
1660.41,0.0045711
1660.8922,0.00466425
1661.3743,0.00478307
1661.8564,0.00491221
1662.3385,0.00501338
1662.8207,0.00504277
1663.3027,0.00498855
1663.7849,0.00488432
1664.267,0.0047818
1664.7491,0.00472007
1665.2312,0.00471503
1665.7134,0.00476219
1666.1954,0.00484589
1666.6776,0.00495183
1667.1597,0.00507652
1667.6418,0.00522707
1668.1239,0.00540993
1668.6061,0.00561326
1669.0881,0.00579806
1669.5703,0.00591837
1670.0524,0.00595536
1670.5345,0.00592323
1671.0166,0.00584964
1671.4988,0.00576253
1671.9808,0.00568898
1672.463,0.00565512
1672.9451,0.00568378
1673.4272,0.00579272
1673.9093,0.00599072
1674.3915,0.00626098
1674.8735,0.00653367
1675.3557,0.0066965
1675.8378,0.00668758
1676.3199,0.00655741
1676.802,0.00640515
1677.2842,0.00630594
1677.7662,0.00629888
1678.2484,0.00639536
1678.7305,0.00657972
1679.2126,0.00680856
1679.6947,0.00702559
1680.1769,0.00719385
1680.6589,0.00732013
1681.1411,0.00744814
1681.6232,0.00763082
1682.1053,0.00790819
1682.5874,0.00829699
1683.0696,0.00877451
1683.5516,0.0092375
1684.0338,0.00948655
1684.5159,0.00939232
1684.998,0.00909594
1685.4801,0.008832
1685.9623,0.00870232
1686.4443,0.00870149
1686.9265,0.00879446
1687.4086,0.00894607
1687.8907,0.00912399
1688.3728,0.00929791
1688.855,0.00944363
1689.337,0.00954986
1689.8192,0.0096211
1690.3013,0.00967435
1690.7834,0.00973343
1691.2655,0.00982349
1691.7477,0.00996479
1692.2297,0.0101666
1692.7119,0.0104262
1693.194,0.0107362
1693.6761,0.0110946
1694.1582,0.0115119
1694.6404,0.0120059
1695.1224,0.0125749
1695.6046,0.0131513
1696.0867,0.0136167
1696.5688,0.0139289
1697.0509,0.0141618
1697.5331,0.0144079
1698.0151,0.0147293
1698.4973,0.015178
1698.9794,0.0158254
1699.4615,0.0167462
1699.9436,0.0178658
1700.4258,0.0188073
1700.9078,0.0192963
1701.39,0.019509
1701.8721,0.0197091
1702.3542,0.020036
1702.8363,0.0205473
1703.3185,0.0212596
1703.8005,0.0221485
1704.2827,0.0231454
1704.7648,0.0241679
1705.2469,0.0251682
1705.729,0.0261485
1706.2112,0.0271285
1706.6932,0.0281131
1707.1754,0.0290956
1707.6575,0.0300823
1708.1396,0.0311007
1708.6217,0.0321828
1709.1039,0.0333408
1709.5859,0.0345576
1710.0681,0.0357977
1710.5502,0.0370345
1711.0323,0.0382675
1711.5144,0.0395133
1711.9966,0.0407857
1712.4786,0.0420891
1712.9608,0.0434264
1713.4429,0.0448051
1713.925,0.0462242
1714.4071,0.0476504
1714.8893,0.0490174
1715.3713,0.050268
1715.8535,0.0513937
1716.3356,0.0524312
1716.8177,0.0534198
1717.2998,0.0543521
1717.782,0.0551564
1718.264,0.055765
1718.7462,0.0562049
1719.2283,0.0565699
1719.7104,0.0569319
1720.1925,0.0573091
1720.6747,0.0576817
1721.1567,0.0580132
1721.6389,0.0582665
1722.121,0.0584131
1722.6031,0.0584378
1723.0852,0.0583403
1723.5674,0.0581362
1724.0494,0.0578522
1724.5316,0.0575138
1725.0137,0.0571298
1725.4958,0.056689
1725.9779,0.056174
1726.4601,0.0555839
1726.9421,0.0549444
1727.4243,0.054295
1727.9064,0.0536572
1728.3885,0.0530112
1728.8706,0.0522973
1729.3528,0.0514516
1729.8348,0.0504646
1730.317,0.049417
1730.7991,0.0484401
1731.2813,0.0476309
1731.7633,0.0470001
1732.2455,0.0464638
1732.7275,0.0458361
1733.2097,0.0448316
1733.6918,0.0432129
1734.174,0.0411358
1734.656,0.0391474
1735.1382,0.0376055
1735.6202,0.0364548
1736.1024,0.0354968
1736.5845,0.034592
1737.0667,0.0336922
1737.5487,0.0327993
1738.0309,0.0319038
1738.5129,0.0309357
1738.9951,0.0297733
1739.4772,0.0283419
1739.9594,0.0267319
1740.4414,0.0251619
1740.9236,0.023794
1741.4056,0.022632
1741.8878,0.0215707
1742.3699,0.0204873
1742.8521,0.0193106
1743.3341,0.0180532
1743.8163,0.0167899
1744.2983,0.0155938
1744.7805,0.0144937
1745.2626,0.0134844
1745.7448,0.0125561
1746.2268,0.0117044
1746.709,0.0109196
1747.191,0.0101773
1747.6732,0.00944985
1748.1553,0.00873085
1748.6375,0.00804354
1749.1195,0.00741882
1749.6017,0.00686587
1750.0837,0.00636239
1750.5659,0.00586918
1751.048,0.00535904
1751.5302,0.00483875
1752.0122,0.00433985
1752.4944,0.00388879
1752.9764,0.00349405
1753.4586,0.00315632
1753.9407,0.00287948
1754.4229,0.00266954
1754.9049,0.00252438
1755.3871,0.00242431
1755.8691,0.00233371
1756.3513,0.00221668
1756.8334,0.00205807
1757.3156,0.00187197
1757.7976,0.00168828
1758.2798,0.00153091
1758.7618,0.00140852
1759.244,0.00132007
1759.7261,0.00126334
1760.2083,0.00123727
1760.6903,0.00123692
1761.1725,0.00124523
1761.6545,0.00123279
1762.1367,0.00117402
1762.6188,0.0010664
1763.101,0.00092987
1763.583,0.000791194
1764.0652,0.000672466
1764.5472,0.000587822
1765.0294,0.000543018
1765.5115,0.000535551
1765.9937,0.000556346
1766.4757,0.000592644
1766.9579,0.000630064
1767.4399,0.000654225
1767.9221,0.000655457
1768.4042,0.00063649
1768.8864,0.000614623
1769.3684,0.000613601
1769.8506,0.000653791
1770.3326,0.000747144
1770.8148,0.000891694
1771.2969,0.00105931
1771.7791,0.00118665
1772.2611,0.00120215
1772.7433,0.00108904
1773.2253,0.000902316
1773.7075,0.000713227
1774.1896,0.000562995
1774.6718,0.000459145
1775.1538,0.000388076
1775.636,0.000327831
1776.118,0.00026079
1776.6002,0.000184055
1777.0823,0.000110449
1777.5645,5.92E-05
1778.0465,4.47E-05
1778.5287,6.96E-05
1779.0107,0.000124309
1779.4929,0.000190278
1779.975,0.000245682
1780.4572,0.000273136
1780.9392,0.000266516
1781.4214,0.00023317
1781.9034,0.000189632
1782.3856,0.000153881
1782.8677,0.000138524
1783.3499,0.000146258
1783.8319,0.000167393
1784.3141,0.000181734
1784.7961,0.000168342
1785.2783,0.000119723
1785.7604,4.81E-05
1786.2426,-2.31E-05
1786.7246,-7.34E-05
1787.2068,-9.41E-05
1787.6888,-8.81E-05
1788.171,-6.33E-05
1788.6531,-2.48E-05
1789.1353,2.95E-05
1789.6173,0.000106328
1790.0995,0.000210668
1790.5815,0.000338473
1791.0637,0.0004714
1791.5458,0.000575477
1792.028,0.000610575
1792.51,0.000555231
1792.9922,0.000427827
1793.4742,0.000275158
1793.9564,0.000140496
1794.4385,4.61E-05
1794.9207,-5.21E-06
1795.4027,-2.23E-05
1795.8849,-1.90E-05
1796.3669,-7.16E-06
1796.8491,9.83E-06
1797.3312,3.64E-05
1797.8134,7.93E-05
1798.2954,0.000142038
1798.7776,0.000222486
1799.2596,0.000314915
1799.7418,0.000412193
1800.2239,0.000504904
1800.7061,0.000576911
1801.1881,0.000603572
1801.6703,0.000559555
1802.1523,0.000435576
1802.6345,0.000252535
1803.1166,5.79E-05
1803.5988,-9.72E-05
1804.0808,-0.000182959
1804.563,-0.000201282
1805.045,-0.000177239
1805.5272,-0.000141704
1806.0093,-0.000115261
1806.4915,-0.000101868
1806.9735,-9.39E-05
1807.4557,-8.25E-05
1807.9377,-6.54E-05
1808.4199,-4.62E-05
1808.902,-3.07E-05
1809.3842,-2.23E-05
1809.8662,-2.19E-05
1810.3484,-2.91E-05
1810.8304,-4.33E-05
1811.3126,-6.32E-05
1811.7947,-8.57E-05
1812.2769,-0.000106319
1812.7589,-0.000121572
1813.2411,-0.000130776
1813.7231,-0.000136995
1814.2053,-0.000145431
1814.6874,-0.000159971
1815.1696,-0.000179876
1815.6516,-0.000199111
1816.1338,-0.000209401
1816.6158,-0.000205924
1817.098,-0.000192399
1817.5801,-0.00018158
1818.0623,-0.000189166
1818.5443,-0.000223865
1819.0265,-0.00027992
1819.5085,-0.00033744
1819.9907,-0.000370972
1820.4728,-0.000362078
1820.955,-0.000309413
1821.437,-0.000230191
1821.9192,-0.000150572
1822.4012,-9.02E-05
1822.8834,-5.16E-05
1823.3655,-2.15E-05
1823.8477,1.75E-05
1824.3297,7.24E-05
1824.8119,0.000129644
1825.2939,0.000160106
1825.7761,0.000141579
1826.2582,7.87E-05
1826.7404,5.48E-07
1827.2224,-5.71E-05
1827.7046,-6.69E-05
1828.1866,-1.75E-05
1828.6688,8.08E-05
1829.1509,0.00019355
1829.6331,0.000271961
1830.1151,0.000280615
1830.5973,0.000220825
1831.0793,0.000122564
1831.5615,1.87E-05
1832.0436,-7.04E-05
1832.5258,-0.000138076
1833.0078,-0.000185647
1833.49,-0.000216401
1833.972,-0.000231285
1834.4542,-0.000227893
1834.9363,-0.000203453
1835.4185,-0.000159943
1835.9005,-0.000107992
1836.3827,-6.64E-05
1836.8647,-5.53E-05
1837.3469,-8.62E-05
1837.829,-0.000153306
1838.3112,-0.000235641
1838.7932,-0.00030641
1839.2754,-0.000344966
1839.7574,-0.000343997
1840.2396,-0.000309783
1840.7217,-0.000255762
1841.2039,-0.000192667
1841.6859,-0.000121747
1842.1681,-3.60E-05
1842.6501,7.09E-05
1843.1323,0.000191871
1843.6144,0.000296843
1844.0966,0.000342237
1844.5786,0.000306654
1845.0608,0.000213902
1845.5428,0.000109705
1846.025,2.64E-05
1846.5071,-2.88E-05
1846.9893,-6.80E-05
1847.4713,-0.000111256
1847.9535,-0.000173203
1848.4355,-0.000252411
1848.9177,-0.00033241
1849.3998,-0.000392874
1849.882,-0.000421261
1850.364,-0.000417922
1850.8462,-0.000394583
1851.3282,-0.000368502
1851.8104,-0.000355139
1852.2925,-0.00036253
1852.7747,-0.00038949
1853.2567,-0.000427493
1853.7389,-0.000464685
1854.2209,-0.000490348
1854.7031,-0.000498258
1855.1852,-0.000487845
1855.6674,-0.000462964
1856.1494,-0.000429341
1856.6316,-0.000392298
1857.1136,-0.000355951
1857.5958,-0.000323835
1858.0779,-0.000299907
1858.5601,-0.000288633
1859.0421,-0.000293653
1859.5243,-0.000315607
1860.0063,-0.000350412
1860.4885,-0.000389227
1860.9706,-0.000420684
1861.4528,-0.0004349
1861.9348,-0.000427693
1862.417,-0.000402677
1862.899,-0.000369595
1863.3812,-0.000339284
1863.8633,-0.000318045
1864.3455,-0.000304754
1864.8275,-0.000292321
1865.3097,-0.000272326
1865.7917,-0.000239749
1866.2739,-0.000194893
1866.756,-0.0001418
1867.2382,-8.54E-05
1867.7202,-3.02E-05
1868.2024,1.78E-05
1868.6844,4.92E-05
1869.1666,5.32E-05
1869.6487,2.33E-05
1870.1309,-3.79E-05
1870.6129,-0.000119292
1871.0951,-0.000206944
1871.5771,-0.000287261
1872.0593,-0.000348964
1872.5414,-0.000384438
1873.0236,-0.000391888
1873.5056,-0.000377247
1873.9878,-0.000353716
1874.4698,-0.00033792
1874.952,-0.000343723
1875.4341,-0.000376237
1875.9163,-0.000429075
1876.3983,-0.000486909
1876.8805,-0.000532431
1877.3625,-0.000553781
1877.8447,-0.000548176
1878.3268,-0.000520405
1878.809,-0.000478398
1879.291,-0.000429666
1879.7732,-0.000380815
1880.2552,-0.000339114
1880.7374,-0.000312989
1881.2195,-0.000309455
1881.7017,-0.000329691
1882.1837,-0.000366348
1882.6659,-0.000405452
1883.1479,-0.000432602
1883.6301,-0.000440017
1884.1122,-0.000430134
1884.5944,-0.000413559
1885.0764,-0.000402742
1885.5586,-0.000405044
1886.0406,-0.000418952
1886.5228,-0.000435087
1887.0049,-0.000440863
1887.4871,-0.000425982
1887.9691,-0.000386829
1888.4513,-0.000329255
1888.9333,-0.000268773
1889.4155,-0.000225737
1889.8976,-0.000215491
1890.3798,-0.000239805
1890.8618,-0.000286713
1891.344,-0.000337608
1891.826,-0.00037511
1892.3082,-0.000388048
1892.7903,-0.000373671
1893.2725,-0.000337759
1893.7545,-0.000292582
1894.2367,-0.000252862
1894.7188,-0.000230687
1895.2009,-0.000231055
1895.683,-0.000250288
1896.1652,-0.000278688
1896.6472,-0.000306175
1897.1294,-0.000327244
1897.6115,-0.000342317
1898.0936,-0.000355232
1898.5757,-0.00036905
1899.0579,-0.000383094
1899.5399,-0.000393243
1900.0221,-0.000395011
1900.5042,-0.000386902
1900.9863,-0.000371569
1901.4684,-0.00035428
1901.9506,-0.000340204
1902.4326,-0.000332656
1902.9148,-0.000333205
1903.3969,-0.000342764
1903.879,-0.000361906
1904.3611,-0.000389652
1904.8433,-0.000421616
1905.3253,-0.00044944
1905.8075,-0.000462713
1906.2896,-0.000452919
1906.7717,-0.000417485
1907.2538,-0.000361691
1907.736,-0.000297316
1908.218,-0.000238728
1908.7002,-0.000198464
1909.1823,-0.000184169
1909.6644,-0.000197464
1910.1465,-0.000234215
1910.6287,-0.000285585
1911.1107,-0.000339754
1911.5929,-0.000384594
1912.075,-0.00041111
1912.5571,-0.000416609
1913.0392,-0.000405903
1913.5214,-0.00038919
1914.0034,-0.000376799
1914.4856,-0.000373349
1914.9677,-0.0003753
1915.4498,-0.000373733
1915.9319,-0.000360113
1916.4141,-0.000331206
1916.8961,-0.000291196
1917.3783,-0.000250674
1917.8604,-0.000222273
1918.3425,-0.00021406
1918.8246,-0.000224941
1919.3068,-0.000245545
1919.7888,-0.000262714
1920.271,-0.000263925
1920.7531,-0.000241096
1921.2352,-0.000194693
1921.7173,-0.000136786
1922.1995,-8.91E-05
1922.6815,-7.36E-05
1923.1637,-0.000100322
1923.6458,-0.00016149
1924.1279,-0.000236521
1924.61,-0.000303471
1925.0922,-0.000348081
1925.5742,-0.000366417
1926.0564,-0.000362424
1926.5385,-0.000343785
1927.0206,-0.000318618
1927.5027,-0.000293723
1927.9849,-0.000273791
1928.4669,-0.000260982
1928.9491,-0.000255049
1929.4312,-0.000254483
1929.9133,-0.000258275
1930.3954,-0.000266843
1930.8776,-0.000280915
1931.3596,-0.000299063
1931.8418,-0.000316254
1932.3239,-0.000325454
1932.806,-0.000321777
1933.2881,-0.000306192
1933.7703,-0.000285636
1934.2523,-0.00026913
1934.7345,-0.000262621
1935.2166,-0.000266117
1935.6987,-0.000274653
1936.1808,-0.000281881
1936.663,-0.000283723
1937.145,-0.000280126
1937.6272,-0.000274506
1938.1093,-0.000271543
1938.5914,-0.000274134
1939.0735,-0.000280567
1939.5557,-0.000283523
1940.0377,-0.0002723
1940.5199,-0.000238023
1941.002,-0.000179887
1941.4841,-0.000109368
1941.9662,-4.86E-05
1942.4484,-2.07E-05
1942.9304,-3.54E-05
1943.4126,-8.33E-05
1943.8947,-0.000141785
1944.3768,-0.000189042
1944.8589,-0.000213102
1945.3411,-0.000214721
1945.8231,-0.000204353
1946.3053,-0.000195706
1946.7874,-0.000198728
1947.2695,-0.000215413
1947.7516,-0.000240081
1948.2338,-0.000263002
1948.7158,-0.000275127
1949.198,-0.000272009
1949.6801,-0.00025544
1950.1622,-0.000232046
1950.6443,-0.000209561
1951.1265,-0.000192997
1951.6085,-0.000182931
1952.0907,-0.000176688
1952.5728,-0.00017123
1953.0549,-0.000165549
1953.537,-0.000160996
1954.0192,-0.000159762
1954.5012,-0.000163056
1954.9834,-0.000170566
1955.4655,-0.000181449
1955.9476,-0.000195634
1956.4297,-0.000213916
1956.9119,-0.000236393
1957.3939,-0.00026052
1957.8761,-0.000280766
1958.3582,-0.000290992
1958.8403,-0.000288544
1959.3224,-0.000277199
1959.8046,-0.000266242
1960.2866,-0.000265311
1960.7688,-0.000277822
1961.2509,-0.000297509
1961.733,-0.000311034
1962.2151,-0.000305493
1962.6973,-0.000275868
1963.1793,-0.000227384
1963.6615,-0.000171435
1964.1436,-0.000118563
1964.6257,-7.39E-05
1965.1078,-3.84E-05
1965.59,-1.31E-05
1966.072,-2.48E-06
1966.5542,-1.27E-05
1967.0363,-4.51E-05
1967.5184,-9.11E-05
1968.0005,-0.000133983
1968.4827,-0.000156934
1968.9647,-0.000151756
1969.4469,-0.000122285
1969.929,-8.15E-05
1970.4111,-4.49E-05
1970.8932,-2.45E-05
1971.3754,-2.47E-05
1971.8574,-4.31E-05
1972.3396,-7.29E-05
1972.8217,-0.000106502
1973.3038,-0.000138625
1973.7859,-0.000167671
1974.2681,-0.00019467
1974.7501,-0.00022025
1975.2323,-0.000241608
1975.7144,-0.000252356
1976.1965,-0.000246415
1976.6786,-0.000223758
1977.1608,-0.00019341
1977.6428,-0.000170338
1978.125,-0.00016741
1978.6071,-0.000187771
1979.0892,-0.000223143
1979.5713,-0.00025921
1980.0535,-0.000283974
1980.5355,-0.000293072
1981.0177,-0.000289037
1981.4998,-0.000276663
1981.9819,-0.000259303
1982.464,-0.000239089
1982.9462,-0.000219731
1983.4282,-0.000207939
1983.9104,-0.000210928
1984.3925,-0.000231459
1984.8746,-0.000264534
1985.3567,-0.000298877
1985.8389,-0.000322431
1986.3209,-0.000327945
1986.8031,-0.000314991
1987.2852,-0.000288061
1987.7673,-0.000253201
1988.2494,-0.000215827
1988.7316,-0.00018042
1989.2136,-0.000150803
1989.6958,-0.000129638
1990.1779,-0.000117224
1990.66,-0.000110926
1991.1421,-0.00010645
1991.6243,-0.000100822
1992.1063,-9.52E-05
1992.5885,-9.46E-05
1993.0706,-0.000104847
1993.5527,-0.000128036
1994.0348,-0.000160616
1994.517,-0.0001946
1994.999,-0.00022093
1995.4812,-0.000233431
1995.9633,-0.000231592
1996.4454,-0.000220813
1996.9275,-0.000209987
1997.4097,-0.000207493
1997.8917,-0.000217327
1998.3739,-0.00023704
1998.856,-0.000258725
1999.3381,-0.000272966
1999.8202,-0.000273829
2000.3024,-0.000261924
2000.7844,-0.000243598
2001.2666,-0.000226838
2001.7487,-0.000216761
2002.2308,-0.000213655
2002.7129,-0.000214484
2003.1951,-0.000216012
2003.6771,-0.000216809
2004.1593,-0.000216891
2004.6414,-0.00021621
2005.1235,-0.00021417
2005.6056,-0.000210893
2006.0878,-0.00020873
2006.5698,-0.0002118
2007.052,-0.000223128
2007.5341,-0.000241528
2008.0162,-0.000261115
2008.4983,-0.000274359
2008.9805,-0.000276443
2009.4625,-0.000267542
2009.9447,-0.000251441
2010.4268,-0.000232174
2010.9089,-0.000211895
2011.391,-0.000191749
2011.8732,-0.000174406
2012.3552,-0.000165187
2012.8374,-0.00016989
2013.3195,-0.000190495
2013.8016,-0.000222138
2014.2837,-0.000254081
2014.7659,-0.000274458
2015.2479,-0.000276026
2015.7301,-0.000259696
2016.2122,-0.000234074
2016.6943,-0.000211096
2017.1764,-0.000199722
2017.6586,-0.000200988
2018.1406,-0.000207499
2018.6228,-0.000208063
2019.1049,-0.000195212
2019.587,-0.000171285
2020.0691,-0.000148914
2020.5513,-0.000144459
2021.0333,-0.000167518
2021.5155,-0.000213162
2021.9976,-0.000262696
2022.4797,-0.00029349
2022.9618,-0.000292082
2023.444,-0.000261975
2023.926,-0.000220826
2024.4082,-0.0001891
2024.8903,-0.000178196
2025.3724,-0.000185851
2025.8545,-0.000200911
2026.3367,-0.000212799
2026.8187,-0.000218354
2027.3009,-0.000221537
2027.783,-0.000227455
2028.2651,-0.000236383
2028.7472,-0.00024289
2029.2294,-0.000240658
2029.7114,-0.000228929
2030.1936,-0.00021523
2030.6757,-0.000211771
2031.1578,-0.000227592
2031.6399,-0.000261651
2032.1221,-0.000301651
2032.6041,-0.00032984
2033.0863,-0.000332623
2033.5684,-0.000308414
2034.0505,-0.000269015
2034.5326,-0.000233578
2035.0148,-0.000218544
2035.4968,-0.000229346
2035.979,-0.000258429
2036.4611,-0.00029024
2036.9432,-0.000309624
2037.4253,-0.000308566
2037.9075,-0.000287882
2038.3895,-0.000254184
2038.8717,-0.000215287
2039.3538,-0.000177419
2039.8359,-0.000145195
2040.318,-0.000122874
2040.8002,-0.000114683
2041.2822,-0.000123434
2041.7644,-0.000148516
2042.2465,-0.000184974
2042.7286,-0.000224423
2043.2107,-0.000257207
2043.6929,-0.000274921
2044.1749,-0.000272828
2044.6571,-0.000251817
2045.1392,-0.000218985
2045.6213,-0.000185684
2046.1034,-0.000162948
2046.5856,-0.000156208
2047.0676,-0.000162501
2047.5498,-0.000172316
2048.032,-0.000175305
2048.5139,-0.000166271
2048.9961,-0.00014764
2049.4783,-0.000127293
2049.9604,-0.00011383
2050.4424,-0.00011258
2050.9246,-0.000124117
2051.4067,-0.000144783
2051.8889,-0.000167857
2052.3708,-0.000185064
2052.853,-0.000189188
2053.3352,-0.000177831
2053.8174,-0.000156236
2054.2993,-0.00013613
2054.7815,-0.000129644
2055.2637,-0.000141534
2055.7458,-0.000165367
2056.2278,-0.000187294
2056.71,-0.000195424
2057.1921,-0.000188049
2057.6743,-0.000174491
2058.1563,-0.000167876
2058.6384,-0.000175469
2059.1206,-0.000193953
2059.6028,-0.000212896
2060.0847,-0.000223126
2060.5669,-0.00022308
2061.0491,-0.000218312
2061.5313,-0.000215138
2062.0132,-0.000214106
2062.4954,-0.000208753
2062.9775,-0.00019061
2063.4597,-0.000156494
2063.9417,-0.000112676
2064.4238,-7.29E-05
2064.906,-5.13E-05
2065.3882,-5.53E-05
2065.8701,-8.27E-05
2066.3523,-0.000123797
2066.8345,-0.000167749
2067.3167,-0.00020682
2067.7986,-0.000237686
2068.2808,-0.000259522
2068.7629,-0.000271587
2069.2451,-0.000272677
2069.7271,-0.000262822
2070.2092,-0.000245308
2070.6914,-0.000226472
2071.1736,-0.000212475
2071.6555,-0.0002051
2072.1377,-0.000200036
2072.6199,-0.000189733
2073.1021,-0.000169344
2073.584,-0.000141482
2074.0662,-0.0001159
2074.5483,-0.000103821
2075.0305,-0.000110791
2075.5125,-0.000133195
2075.9946,-0.000160824
2076.4768,-0.000183423
2076.959,-0.000196403
2077.4409,-0.000201981
2077.9231,-0.000205664
2078.4053,-0.000211355
2078.8875,-0.000218746
2079.3694,-0.000224259
2079.8516,-0.000223977
2080.3337,-0.000216165
2080.8159,-0.000202135
2081.2979,-0.000185801
2081.78,-0.000172692
2082.2622,-0.000168573
2082.7444,-0.000177408
2083.2263,-0.000199087
2083.7085,-0.00022838
2084.1907,-0.00025656
2084.6729,-0.000275403
2085.1548,-0.00028115
2085.637,-0.00027562
2086.1191,-0.000263672
2086.6013,-0.000249143
2087.0833,-0.000232627
2087.5654,-0.000212778
2088.0476,-0.000189643
2088.5298,-0.000166754
2089.0117,-0.000149924
2089.4939,-0.000143765
2089.9761,-0.000148993
2090.4583,-0.000162755
2090.9402,-0.000181331
2091.4224,-0.000202333
2091.9045,-0.00022422
2092.3867,-0.000243881
2092.8687,-0.000255312
2093.3508,-0.000251734
2093.833,-0.000230347
2094.3152,-0.000196056
2094.7971,-0.000160661
2095.2793,-0.000137323
2095.7615,-0.000133864
2096.2437,-0.000149509
2096.7256,-0.000177106
2097.2078,-0.000208807
2097.6899,-0.000240781
2098.1721,-0.000273587
2098.6541,-0.000308413
2099.1362,-0.000342628
2099.6184,-0.000368591
2100.1006,-0.000377095
2100.5825,-0.000363302
2101.0647,-0.00033103
2101.5469,-0.00029224
2102.0291,-0.000261681
2102.511,-0.000249699
2102.9932,-0.000257305
2103.4753,-0.000276168
2103.9575,-0.000293294
2104.4395,-0.000297711
2104.9216,-0.000285634
2105.4038,-0.000261766
2105.886,-0.000236499
2106.3679,-0.000220673
2106.8501,-0.000220439
2107.3323,-0.000234557
2107.8145,-0.000255298
2108.2964,-0.000272515
2108.7786,-0.0002789
2109.2607,-0.000273666
2109.7429,-0.000262487
2110.2249,-0.000253638
2110.707,-0.000252611
2111.1892,-0.000258814
2111.6714,-0.000266712
2112.1533,-0.000270745
2112.6355,-0.000270323
2113.1177,-0.000270843
2113.5999,-0.000279499
2114.0818,-0.0002988
2114.564,-0.00032298
2115.0461,-0.000340671
2115.5283,-0.000342521
2116.0103,-0.000328202
2116.4924,-0.000307257
2116.9746,-0.000292722
2117.4568,-0.000292015
2117.9387,-0.000301814
2118.4209,-0.000310713
2118.9031,-0.000307603
2119.3853,-0.000289446
2119.8672,-0.000262734
2120.3494,-0.000237952
2120.8315,-0.000221645
2121.3137,-0.000212236
2121.7957,-0.000202571
2122.2778,-0.000186869
2122.76,-0.000166703
2123.2422,-0.000151539
2123.7241,-0.000153504
2124.2063,-0.000179872
2124.6885,-0.000228019
2125.1707,-0.000285751
2125.6526,-0.00033662
2126.1348,-0.000367264
2126.6169,-0.000372966
2127.0991,-0.000358781
2127.5811,-0.000335877
2128.0632,-0.000315258
2128.5454,-0.000302484
2129.0276,-0.000296421
2129.5095,-0.000292505
2129.9917,-0.000287929
2130.4739,-0.000284753
2130.9561,-0.00028842
2131.438,-0.000302753
2131.9202,-0.000325328
2132.4023,-0.00034705
2132.8845,-0.000356519
2133.3665,-0.00034619
2133.8486,-0.00031608
2134.3308,-0.000272922
2134.813,-0.000226106
2135.2949,-0.000183655
2135.7771,-0.000150593
2136.2593,-0.000129548
2136.7415,-0.000121762
2137.2234,-0.000127107
2137.7056,-0.000143381
2138.1877,-0.000166219
2138.6699,-0.000190388
2139.1519,-0.000211841
2139.634,-0.000229146
2140.1162,-0.000243444
2140.5984,-0.000257299
2141.0803,-0.000273336
2141.5625,-0.000293159
2142.0447,-0.000316414
2142.5269,-0.000339902
2143.0088,-0.000357436
2143.491,-0.000361421
2143.9731,-0.000346292
2144.4553,-0.000312246
2144.9373,-0.000266809
2145.4194,-0.00022263
2145.9016,-0.000192242
2146.3838,-0.000182583
2146.8657,-0.000192328
2147.3479,-0.000213357
2147.8301,-0.000235261
2148.3123,-0.000250257
2148.7942,-0.000256037
2149.2764,-0.000255488
2149.7585,-0.000253939
2150.2407,-0.000255676
2150.7227,-0.000261661
2151.2048,-0.000269534
2151.687,-0.000275612
2152.1692,-0.000277355
2152.6511,-0.000274622
2153.1333,-0.000269048
2153.6155,-0.000262525
2154.0977,-0.000256413
2154.5796,-0.000252243
2155.0618,-0.000252822
2155.5439,-0.000261786
2156.0261,-0.000280823
2156.5081,-0.000306391
2156.9902,-0.000329217
2157.4724,-0.000338356
2157.9546,-0.000327755
2158.4365,-0.000300439
2158.9187,-0.000266338
2159.4009,-0.00023464
2159.8831,-0.000206443
2160.365,-0.000174194
2160.8472,-0.000129491
2161.3293,-7.40E-05
2161.8115,-2.44E-05
2162.2935,-6.79E-06
2162.7756,-4.13E-05
2163.2578,-0.000128583
2163.74,-0.000246151
2164.2219,-0.000358911
2164.7041,-0.00043628
2165.1863,-0.000465713
2165.6685,-0.000454819
2166.1504,-0.000422422
2166.6326,-0.000385717
2167.1147,-0.000352224
2167.5969,-0.000320651
2168.0789,-0.000288048
2168.561,-0.000256596
2169.0432,-0.000234623
2169.5254,-0.000231354
2170.0073,-0.000249681
2170.4895,-0.000282476
2170.9717,-0.000315244
2171.4539,-0.000333434
2171.9358,-0.000329781
2172.418,-0.000307329
2172.9001,-0.000276828
2173.3823,-0.000250661
2173.8643,-0.000237296
2174.3464,-0.000239245
2174.8286,-0.000254768
2175.3108,-0.000280924
2175.7927,-0.000315084
2176.2749,-0.000353709
2176.7571,-0.000389979
2177.2393,-0.000413286
2177.7212,-0.000412627
2178.2034,-0.000382737
2178.6855,-0.000329057
2179.1677,-0.000267374
2179.6497,-0.000217179
2180.1318,-0.00019215
2180.614,-0.000193683
2181.0962,-0.000211719
2181.5781,-0.000232274
2182.0603,-0.000246492
2182.5425,-0.000255182
2183.0247,-0.000266187
2183.5066,-0.00028711
2183.9888,-0.000318848
2184.4709,-0.000354249
2184.9531,-0.00038212
2185.4351,-0.000393266
2185.9172,-0.000384608
2186.3994,-0.0003597
2186.8816,-0.000326575
2187.3635,-0.000294882
2187.8457,-0.000273343
2188.3279,-0.000267402
2188.8101,-0.000276951
2189.292,-0.000295265
2189.7742,-0.000310919
2190.2563,-0.000313247
2190.7385,-0.000299055
2191.2205,-0.000276253
2191.7026,-0.000260878
2192.1848,-0.000268
2192.667,-0.00030141
2193.1489,-0.000348859
2193.6311,-0.000386831
2194.1133,-0.000393031
2194.5955,-0.000359425
2195.0774,-0.000297778
2195.5596,-0.000233827
2196.0417,-0.000193294
2196.5239,-0.000188086
2197.0059,-0.00021102
2197.488,-0.000242032
2197.9702,-0.000261524
2198.4524,-0.000262152
2198.9343,-0.000251846
2199.4165,-0.000246864
2199.8987,-0.000260157
2200.3809,-0.000292882
2200.8628,-0.000334119
2201.345,-0.000368123
2201.8271,-0.000383711
2202.3093,-0.000379894
2202.7913,-0.000364997
2203.2734,-0.000350873
2203.7556,-0.000346241
2204.2378,-0.000352776
2204.7197,-0.000365314
2205.2019,-0.000375224
2205.6841,-0.000374892
2206.1663,-0.00036137
2206.6482,-0.000337875
2207.1304,-0.000312579
2207.6125,-0.000294977
2208.0947,-0.000291168
2208.5767,-0.000300259
2209.0588,-0.000314078
2209.541,-0.00032102
2210.0232,-0.000312557
2210.5051,-0.000288968
2210.9873,-0.000260641
2211.4695,-0.000243413
2211.9517,-0.000249854
2212.4336,-0.000281315
2212.9158,-0.000325755
2213.3979,-0.000363375
2213.8801,-0.000377329
2214.3621,-0.000363248
2214.8442,-0.000331523
2215.3264,-0.000300625
2215.8086,-0.000285577
2216.2905,-0.000289106
2216.7727,-0.000301293
2217.2549,-0.000307713
2217.7371,-0.0003001
2218.219,-0.000281919
2218.7012,-0.000265076
2219.1833,-0.00026061
2219.6655,-0.000270395
2220.1475,-0.000285853
2220.6296,-0.000294149
2221.1118,-0.000286947
2221.594,-0.00026543
2222.0759,-0.000238736
2222.5581,-0.000217928
2223.0403,-0.000210225
2223.5225,-0.000216838
2224.0044,-0.000234306
2224.4866,-0.000256895
2224.9688,-0.000278139
2225.4509,-0.000291619
2225.9329,-0.000292283
2226.415,-0.000278685
2226.8972,-0.00025469
2227.3794,-0.000228626
2227.8613,-0.000209564
2228.3435,-0.000202844
2228.8257,-0.000207987
2229.3079,-0.000220431
2229.7898,-0.000235658
2230.272,-0.000252534
2230.7542,-0.000273512
2231.2363,-0.000301856
2231.7183,-0.000338189
2232.2004,-0.000378753
2232.6826,-0.000416313
2233.1648,-0.000442881
2233.6467,-0.000452778
2234.1289,-0.000444855
2234.6111,-0.000423255
2235.0933,-0.000396414
2235.5752,-0.000374292
2236.0574,-0.000364523
2236.5396,-0.000369075
2237.0217,-0.000383227
2237.5037,-0.000397742
2237.9858,-0.000403279
2238.468,-0.000394692
2238.9502,-0.000372992
2239.4321,-0.00034427
2239.9143,-0.000316708
2240.3965,-0.00029758
2240.8787,-0.000291575
2241.3606,-0.000300452
2241.8428,-0.000323181
2242.325,-0.000355865
2242.8071,-0.00039155
2243.2891,-0.000420804
2243.7712,-0.000433844
2244.2534,-0.000424069
2244.7356,-0.00039161
2245.2175,-0.000344846
2245.6997,-0.000298342
2246.1819,-0.00026743
2246.6641,-0.000261645
2247.146,-0.000280409
2247.6282,-0.000313522
2248.1104,-0.000346514
2248.5925,-0.000368041
2249.0745,-0.000375188
2249.5566,-0.000373728
2250.0388,-0.000373514
2250.521,-0.000382056
2251.0029,-0.000400329
2251.4851,-0.00042306
2251.9673,-0.000442761
2252.4495,-0.000454457
2252.9314,-0.000458086
2253.4136,-0.000457467
2253.8958,-0.000457091
2254.3779,-0.000459155
2254.8599,-0.000462562
2255.342,-0.00046403
2255.8242,-0.000460153
2256.3064,-0.000449162
2256.7883,-0.000431838
2257.2705,-0.000411639
2257.7527,-0.000394156
2258.2349,-0.000385648
2258.7168,-0.000390549
2259.199,-0.000408629
2259.6812,-0.000433497
2260.1633,-0.000454074
2260.6453,-0.000459246
2261.1274,-0.000443576
2261.6096,-0.000410729
2262.0918,-0.000372086
2262.5737,-0.000341003
2263.0559,-0.000326054
2263.5381,-0.000327509
2264.0203,-0.000339135
2264.5022,-0.000353728
2264.9844,-0.000368074
2265.4666,-0.000383554
2265.9487,-0.000402034
2266.4307,-0.000420691
2266.9128,-0.000430638
2267.395,-0.000421562
2267.8772,-0.000389666
2268.3591,-0.000342918
2268.8413,-0.000298854
2269.3235,-0.000275546
2269.8057,-0.000281686
2270.2876,-0.000312832
2270.7698,-0.000356307
2271.252,-0.00040057
2271.7341,-0.000441504
2272.2161,-0.000480909
2272.6982,-0.000519447
2273.1804,-0.000551223
2273.6626,-0.000565679
2274.1445,-0.000555719
2274.6267,-0.000524867
2275.1089,-0.000486535
2275.5911,-0.00045516
2276.073,-0.000436255
2276.5552,-0.000423741
2277.0374,-0.000406782
2277.5195,-0.000380177
2278.0015,-0.000349354
2278.4836,-0.000325837
2278.9658,-0.000317476
2279.448,-0.000322055
2279.9299,-0.000329684
2280.4121,-0.000331476
2280.8943,-0.000326837
2281.3765,-0.000323318
2281.8584,-0.000329781
2282.3406,-0.000349152
2282.8228,-0.00037669
2283.3049,-0.000404231
2283.7869,-0.000425894
2284.269,-0.000440353
2284.7512,-0.000448648
2285.2334,-0.000450632
2285.7153,-0.00044404
2286.1975,-0.000427258
2286.6797,-0.000403059
2287.1619,-0.000379422
2287.6438,-0.000366099
2288.126,-0.00036929
2288.6082,-0.000388302
2289.0903,-0.000416318
2289.5723,-0.000444166
2290.0544,-0.000464135
2290.5366,-0.000471632
2291.0188,-0.000464789
2291.5007,-0.000443652
2291.9829,-0.000410228
2292.4651,-0.000369078
2292.9473,-0.000327124
2293.4292,-0.000291819
2293.9114,-0.000268338
2294.3936,-0.000257543
2294.8757,-0.00025606
2295.3577,-0.000258295
2295.8398,-0.000258986
2296.322,-0.000255022
2296.8042,-0.000246186
2297.2861,-0.000235202
2297.7683,-0.000227282
2298.2505,-0.000228875
2298.7327,-0.000245075
2299.2146,-0.000276005
2299.6968,-0.000313877
2300.179,-0.000343447
2300.6611,-0.000347569
2301.1431,-0.000316141
2301.6252,-0.000253237
2302.1074,-0.000177331
2302.5896,-0.000113568
2303.0715,-8.22E-05
2303.5537,-8.97E-05
2304.0359,-0.000127636
2304.5181,-0.000178273
2305,-0.000223913
2305.4822,-0.000253236
2305.9644,-0.000263168
2306.4465,-0.000256844
2306.9285,-0.000240476
2307.4106,-0.000221323
2307.8928,-0.000207026
2308.375,-0.000204863
2308.8569,-0.000219741
2309.3391,-0.000251412
2309.8213,-0.000292908
2310.3035,-0.00033187
2310.7854,-0.000354616
2311.2676,-0.000350907
2311.7498,-0.000317052
2312.2319,-0.000256254
2312.7139,-0.000176737
2313.196,-8.92E-05
2313.6782,-5.04E-06
2314.1604,6.40E-05
2314.6423,0.000105827
2315.1245,0.00010825
2315.6067,6.21E-05
2316.0889,-3.39E-05
2316.5708,-0.000168941
2317.053,-0.00031876
2317.5352,-0.000452374
2318.0173,-0.000543271
2318.4993,-0.000580076
2318.9814,-0.000569612
2319.4636,-0.000530235
2319.9458,-0.000479465
2320.4277,-0.000423407
2320.9099,-0.000354527
2321.3921,-0.000259063
2321.8743,-0.000129227
2322.3562,2.68E-05
2322.8384,0.000181617
2323.3206,0.000294535
2323.8027,0.00032573
2324.2847,0.000255467
2324.7668,9.80E-05
2325.249,-1.00E-04
2325.7312,-0.000277141
2326.2131,-0.000383019
2326.6953,-0.000397849
2327.1775,-0.000336488
2327.6597,-0.000232841
2328.1416,-0.000113866
2328.6238,1.61E-05
2329.106,0.00016456
2329.5881,0.000320483
2330.0701,0.00043077
2330.5522,0.000409396
2331.0344,0.000180837
2331.5166,-0.000267771
2331.9985,-0.000859607
2332.4807,-0.00144704
2332.9629,-0.00187429
2333.4451,-0.00205151
2333.927,-0.00198962
2334.4092,-0.00177361
2334.8914,-0.00150528
2335.3735,-0.00125918
2335.8555,-0.00106794
2336.3376,-0.000930877
2336.8198,-0.000834352
2337.302,-0.000770379
2337.7839,-0.000742326
2338.2661,-0.000759761
2338.7483,-0.000832561
2339.2305,-0.000967713
2339.7124,-0.00116448
2340.1946,-0.00140569
2340.6768,-0.00165242
2341.1589,-0.00185386
2341.6409,-0.00197099
2342.123,-0.00199499
2342.6052,-0.00194509
2343.0874,-0.0018495
2343.5693,-0.00172548
2344.0515,-0.00157296
2344.5337,-0.00138381
2345.0159,-0.00115579
2345.4978,-0.00090158
2345.98,-0.000649169
2346.4622,-0.000430487
2346.9443,-0.000264894
2347.4263,-0.000154479
2347.9084,-9.30E-05
2348.3906,-7.49E-05
2348.8728,-9.80E-05
2349.3547,-0.000161791
2349.8369,-0.000264245
2350.3191,-0.000398612
2350.8013,-0.000551702
2351.2832,-0.000706119
2351.7654,-0.000843833
2352.2476,-0.000943609
2352.7297,-0.00097318
2353.2117,-0.000891677
2353.6938,-0.000672326
2354.176,-0.000328989
2354.6582,8.31E-05
2355.1401,0.000490529
2355.6223,0.000810888
2356.1045,0.000931315
2356.5867,0.000698714
2357.0686,-1.88E-05
2357.5508,-0.00122253
2358.033,-0.00273214
2358.5151,-0.00422896
2358.9971,-0.00534298
2359.4792,-0.00577464
2359.9614,-0.00543874
2360.4436,-0.00452498
2360.9255,-0.00339555
2361.4077,-0.00241079
2361.8899,-0.00181806
2362.3721,-0.00171618
2362.854,-0.00204184
2363.3362,-0.00257388
2363.8184,-0.00299984
2364.3005,-0.00305324
2364.7825,-0.00264996
2365.2646,-0.00192905
2365.7468,-0.0011675
2366.229,-0.000623849
2366.7109,-0.000407873
2367.1931,-0.00045273
2367.6753,-0.000594618
2368.1575,-0.000691921
2368.6394,-0.000698518
2369.1216,-0.000653812
2369.6038,-0.000617784
2370.0859,-0.000611327
2370.5679,-0.000604726
2371.05,-0.000552509
2371.5322,-0.000438727
2372.0144,-0.000295426
2372.4963,-0.000183144
2372.9785,-0.000151451
2373.4607,-0.000209036
2373.9429,-0.000321842
2374.4248,-0.000436387
2374.907,-0.000509987
2375.3892,-0.00052897
2375.8713,-0.000507295
2376.3533,-0.000471387
2376.8354,-0.000443246
2377.3176,-0.000431275
2377.7998,-0.000430781
2378.2817,-0.000430276
2378.7639,-0.000418332
2379.2461,-0.00038809
2379.7283,-0.00033924
2380.2102,-0.000278183
2380.6924,-0.000216524
2381.1746,-0.000167703
2381.6567,-0.00014241
2382.1387,-0.000144742
2382.6208,-0.000171208
2383.103,-0.000213158
2383.5852,-0.000260978
2384.0671,-0.000307374
2384.5493,-0.000348047
2385.0315,-0.000380338
2385.5137,-0.000401907
2385.9956,-0.000411145
2386.4778,-0.000408974
2386.96,-0.000400055
2387.4421,-0.000391603
2387.9241,-0.000390063
2388.4063,-0.000397945
2388.8884,-0.000413234
2389.3706,-0.000431656
2389.8525,-0.000449691
2390.3347,-0.00046568
2390.8169,-0.000478368
2391.2991,-0.000484857
2391.781,-0.000480674
2392.2632,-0.000462622
2392.7454,-0.000432146
2393.2275,-0.000395915
2393.7095,-0.000362441
2394.1917,-0.000337074
2394.6738,-0.000319401
2395.156,-0.000305262
2395.6379,-0.000291756
2396.1201,-0.00028106
2396.6023,-0.000279872
2397.0845,-0.000294829
2397.5664,-0.000327361
2398.0486,-0.000371553
2398.5308,-0.00041606
2399.0129,-0.000448345
2399.4949,-0.000458831
2399.9771,-0.000443642
2400.4592,-0.000405999
2400.9414,-0.000356226
2401.4233,-0.000309626
2401.9055,-0.000281657
2402.3877,-0.000281697
2402.8699,-0.000308711
2403.3518,-0.000351988
2403.834,-0.00039701
2404.3162,-0.000432823
2404.7983,-0.000456056
2405.2803,-0.000469458
2405.7625,-0.000477129
2406.2446,-0.000480887
2406.7268,-0.000480392
2407.2087,-0.000475729
2407.6909,-0.000468865
2408.1731,-0.000461978
2408.6553,-0.000454412
2409.1372,-0.000442045
2409.6194,-0.000420852
2410.1016,-0.000392144
2410.5837,-0.000364442
2411.0657,-0.000349119
2411.5479,-0.000352173
2412.03,-0.000368377
2412.5122,-0.000382975
2412.9941,-0.000380614
2413.4763,-0.000355672
2413.9585,-0.000316893
2414.4407,-0.000283066
2414.9226,-0.00027244
2415.4048,-0.000292273
2415.887,-0.000334482
2416.3691,-0.000379489
2416.8511,-0.00040602
2417.3333,-0.000401864
2417.8154,-0.000370445
2418.2976,-0.000329946
2418.7795,-0.000304981
2419.2617,-0.000314368
2419.7439,-0.000360931
2420.2261,-0.000428801
2420.708,-0.000490176
2421.1902,-0.000518294
2421.6724,-0.000499955
2422.1545,-0.000441178
2422.6365,-0.000363646
2423.1187,-0.000294519
2423.6008,-0.000255202
2424.083,-0.00025404
2424.5649,-0.000285168
2425.0471,-0.000332652
2425.5293,-0.000377512
2426.0115,-0.000404826
2426.4934,-0.000408535
2426.9756,-0.000392291
2427.4578,-0.000366191
2427.9399,-0.000341177
2428.4219,-0.000324329
2428.9041,-0.000317697
2429.3862,-0.000320699
2429.8684,-0.000333311
2430.3503,-0.000356642
2430.8325,-0.000389989
2431.3147,-0.000427078
2431.7969,-0.000455744
2432.2788,-0.000462957
2432.761,-0.000442566
2433.2432,-0.000400202
2433.7253,-0.000351235
2434.2073,-0.000312727
2434.6895,-0.000294918
2435.1716,-0.000298041
2435.6538,-0.000316054
2436.1357,-0.000343446
2436.6179,-0.000379196
2437.1001,-0.00042483
2437.5823,-0.000478735
2438.0642,-0.000532148
2438.5464,-0.000570946
2439.0286,-0.000582587
2439.5107,-0.000563451
2439.9927,-0.000521369
2440.4749,-0.000471652
2440.957,-0.000429401
2441.4392,-0.000403067
2441.9211,-0.000392766
2442.4033,-0.00039333
2442.8855,-0.000399098
2443.3677,-0.000407051
2443.8496,-0.0004168
2444.3318,-0.0004285
2444.814,-0.000441012
2445.2961,-0.00045193
2445.7781,-0.000459251
2446.2603,-0.000462954
2446.7424,-0.00046486
2447.2246,-0.000466699
2447.7065,-0.000468048
2448.1887,-0.000466236
2448.6709,-0.0004588
2449.1531,-0.000446789
2449.635,-0.000436006
2450.1172,-0.000434494
2450.5994,-0.000447426
2451.0815,-0.000472891
2451.5635,-0.000501732
2452.0457,-0.000521776
2452.5278,-0.000523675
2453.01,-0.000504721
2453.4919,-0.000468845
2453.9741,-0.000423961
2454.4563,-0.000379104
2454.9385,-0.000342776
2455.4204,-0.000321935
2455.9026,-0.000320462
2456.3848,-0.000337224
2456.8669,-0.000365557
2457.3489,-0.000395805
2457.8311,-0.00042017
2458.3132,-0.000436676
2458.7954,-0.000449111
2459.2773,-0.000462754
2459.7595,-0.000479242
2460.2417,-0.000494745
2460.7239,-0.000502945
2461.2058,-0.000500295
2461.688,-0.000489191
2462.1702,-0.000476521
2462.6523,-0.000468857
2463.1343,-0.000468021
2463.6165,-0.000470117
2464.0986,-0.000468279
2464.5808,-0.000456967
2465.0627,-0.000435238
2465.5449,-0.000407825
2466.0271,-0.000384068
2466.5093,-0.000375193
2466.9912,-0.000390264
2467.4734,-0.000431667
2467.9556,-0.000492013
2468.4377,-0.000554797
2468.9197,-0.000599757
2469.4019,-0.000611205
2469.884,-0.000585267
2470.3662,-0.000532106
2470.8481,-0.000471636
2471.3303,-0.000424695
2471.8125,-0.000403846
2472.2947,-0.000408046
2472.7766,-0.000423578
2473.2588,-0.000430977
2473.741,-0.000415013
2474.2231,-0.000373122
2474.7051,-0.00031778
2475.1873,-0.000270983
2475.6694,-0.000253239
2476.1516,-0.000273022
2476.6335,-0.000322864
2477.1157,-0.000384357
2477.5979,-0.000438702
2478.0801,-0.000475942
2478.562,-0.000497386
2479.0442,-0.000510831
2479.5264,-0.000523124
2480.0085,-0.000535658
2480.4905,-0.000545158
2480.9727,-0.00054779
2481.4548,-0.000542558
2481.937,-0.000531512
2482.4189,-0.000517449
2482.9011,-0.000501684
2483.3833,-0.000483743
2483.8655,-0.000462811
2484.3474,-0.000439364
2484.8296,-0.00041574
2485.3118,-0.000395535
2485.7939,-0.000382415
2486.2759,-0.000378723
2486.7581,-0.000384071
2487.2402,-0.000394428
2487.7224,-0.000402785
2488.2043,-0.000402105
2488.6865,-0.000389629
2489.1687,-0.00036982
2489.6509,-0.000353205
2490.1328,-0.000350777
2490.615,-0.000367039
2491.0972,-0.000396393
2491.5793,-0.000425847
2492.0613,-0.000442687
2492.5435,-0.000442152
2493.0256,-0.000429901
2493.5078,-0.000417596
2493.9897,-0.000414703
2494.4719,-0.000422289
2494.9541,-0.000433113
2495.4363,-0.000437835
2495.9182,-0.000432735
2496.4004,-0.00042324
2496.8826,-0.000420449
2497.3647,-0.000432878
2497.8467,-0.000459124
2498.3289,-0.000486737
2498.811,-0.000498404
2499.2932,-0.000481607
2499.7751,-0.000435718
2500.2573,-0.000372453
2500.7395,-0.000310164
2501.2217,-0.000266074
2501.7036,-0.000250821
2502.1858,-0.000267004
2502.668,-0.000310363
2503.1501,-0.000371422
2503.6321,-0.000436917
2504.1143,-0.000492063
2504.5964,-0.000524571
2505.0786,-0.000529202
2505.5605,-0.000509899
2506.0427,-0.000477306
2506.5249,-0.00044271
2507.0071,-0.000412439
2507.489,-0.000386652
2507.9712,-0.00036305
2508.4534,-0.00034192
2508.9355,-0.000327848
2509.4175,-0.000326285
2509.8997,-0.000337758
2510.3818,-0.00035486
2510.864,-0.000365183
2511.3459,-0.000358641
2511.8281,-0.000333995
2512.3103,-0.000299826
2512.7925,-0.000269304
2513.2744,-0.000252584
2513.7566,-0.000252149
2514.2388,-0.000263868
2514.7209,-0.000282198
2515.2029,-0.000305052
2515.6851,-0.000334529
2516.1672,-0.00037311
2516.6494,-0.000418535
2517.1313,-0.000461686
2517.6135,-0.000489695
2518.0957,-0.000492688
2518.5779,-0.000469803
2519.0598,-0.000430244
2519.542,-0.000388395
2520.0242,-0.00035603
2520.5063,-0.000336727
2520.9883,-0.000326029
2521.4705,-0.000316794
2521.9526,-0.000305444
2522.4348,-0.000294455
2522.9167,-0.000289524
2523.3989,-0.000294222
2523.8811,-0.00030682
2524.3633,-0.000321985
2524.8452,-0.00033573
2525.3274,-0.000349177
2525.8096,-0.000367693
2526.2917,-0.000396017
2526.7737,-0.00043339
2527.2559,-0.000472681
2527.738,-0.000504089
2528.2202,-0.000520336
2528.7021,-0.00051945
2529.1843,-0.000503838
2529.6665,-0.000477572
2530.1487,-0.000444848
2530.6306,-0.000410587
2531.1128,-0.000381469
2531.595,-0.000365033
2532.0771,-0.000366462
2532.5591,-0.000385213
2533.0413,-0.00041431
2533.5234,-0.000443066
2534.0056,-0.000461427
2534.4875,-0.000463166
2534.9697,-0.000446671
2535.4519,-0.000414209
2535.9341,-0.000371283
2536.416,-0.000326414
2536.8982,-0.000290171
2537.3804,-0.000272246
2537.8625,-0.000277219
2538.3445,-0.000301578
2538.8267,-0.00033455
2539.3088,-0.000363045
2539.791,-0.000378151
2540.2729,-0.000379391
2540.7551,-0.000374294
2541.2373,-0.000373683
2541.7195,-0.000385505
2542.2014,-0.000410574
2542.6836,-0.000442304
2543.1658,-0.00047023
2543.6479,-0.000485184
2544.1299,-0.000483247
2544.6121,-0.00046649
2545.0942,-0.000440526
2545.5764,-0.000410872
2546.0583,-0.00038078
2546.5405,-0.000351871
2547.0227,-0.00032655
2547.5049,-0.000309491
2547.9868,-0.000306143
2548.469,-0.000318807
2548.9512,-0.00034331
2549.4333,-0.000369501
2549.9153,-0.000386149
2550.3975,-0.000387308
2550.8796,-0.000375712
2551.3618,-0.000360588
2551.8438,-0.000351272
2552.3259,-0.000351123
2552.8081,-0.000356009
2553.2903,-0.000358326
2553.7722,-0.000353398
2554.2544,-0.000343446
2554.7366,-0.000336116
2555.2188,-0.000338659
2555.7007,-0.000352107
2556.1829,-0.000369845
2556.665,-0.000381789
2557.1472,-0.000381246
2557.6292,-0.000369479
2558.1113,-0.000354727
2558.5935,-0.000346462
2559.0757,-0.000349198
2559.5576,-0.000360203
2560.0398,-0.000372297
2560.522,-0.000378989
2561.0042,-0.000377777
2561.4861,-0.000369542
2561.9683,-0.000355628
2562.4504,-0.000336117
2562.9326,-0.000311259
2563.4146,-0.000284519
2563.8967,-0.000263565
2564.3789,-0.000256947
2564.8611,-0.000268189
2565.343,-0.00029196
2565.8252,-0.000316171
2566.3074,-0.000329396
2566.7896,-0.00032857
2567.2715,-0.000321123
2567.7537,-0.000319524
2568.2358,-0.0003318
2568.718,-0.000354777
2569.2,-0.000374973
2569.6821,-0.00037678
2570.1643,-0.000352487
2570.6465,-0.000307597
2571.1284,-0.000258198
2571.6106,-0.000222444
2572.0928,-0.000211679
2572.575,-0.000226281
2573.0569,-0.000257695
2573.5391,-0.00029421
2574.0212,-0.000326468
2574.5034,-0.000349949
2574.9856,-0.000364359
2575.4675,-0.000371601
2575.9497,-0.000373969
2576.4319,-0.00037306
2576.9141,-0.000369076
2577.396,-0.000360527
2577.8782,-0.000344913
2578.3604,-0.0003208
2578.8425,-0.000290328
2579.3245,-0.000260101
2579.8066,-0.000238887
2580.2888,-0.000232923
2580.771,-0.000241913
2581.2529,-0.00025898
2581.7351,-0.000275052
2582.2173,-0.000284715
2582.6995,-0.000289101
2583.1814,-0.000293707
2583.6636,-0.000303073
2584.1458,-0.000316822
2584.6279,-0.000330251
2585.1099,-0.000338612
2585.592,-0.000341018
2586.0742,-0.000340364
2586.5564,-0.000339433
2587.0383,-0.000337038
2587.5205,-0.00032834
2588.0027,-0.000309792
2588.4849,-0.000284807
2588.9668,-0.000264869
2589.449,-0.000263969
2589.9312,-0.000289503
2590.4133,-0.000335971
2590.8953,-0.000386337
2591.3774,-0.000420784
2591.8596,-0.00042755
2592.3418,-0.000409073
2592.8237,-0.000379823
2593.3059,-0.00035742
2593.7881,-0.000352577
2594.2703,-0.000363601
2594.7522,-0.000378115
2595.2344,-0.00038035
2595.7166,-0.000359621
2596.1987,-0.000315427
2596.6807,-0.000257072
2597.1628,-0.000198724
2597.645,-0.000153082
2598.1272,-0.000126959
2598.6091,-0.000120546
2599.0913,-0.00012981
2599.5735,-0.000149953
2600.0557,-0.000177746
2600.5376,-0.000211777
2601.0198,-0.000251125
2601.502,-0.000293809
2601.9841,-0.000336093
2602.4661,-0.000372936
2602.9482,-0.000399092
2603.4304,-0.000410243
2603.9126,-0.000403899
2604.3945,-0.000380151
2604.8767,-0.000342333
2605.3589,-0.000297317
2605.8411,-0.000254731
2606.323,-0.000224646
2606.8052,-0.000214033
2607.2874,-0.000223391
2607.7695,-0.000245527
2608.2515,-0.000267923
2608.7336,-0.000278326
2609.2158,-0.000271104
2609.698,-0.000250762
2610.1799,-0.000230105
2610.6621,-0.000223475
2611.1443,-0.000238744
2611.6265,-0.000272829
2612.1084,-0.000313546
2612.5906,-0.000346559
2613.0728,-0.000362854
2613.5549,-0.00036204
2614.0369,-0.000350002
2614.519,-0.000333509
2615.0012,-0.000316259
2615.4834,-0.000298987
2615.9653,-0.00028251
2616.4475,-0.000270032
2616.9297,-0.000265936
2617.4119,-0.00027175
2617.8938,-0.000282974
2618.376,-0.000290247
2618.8582,-0.000284946
2619.3403,-0.000265497
2619.8223,-0.000239676
2620.3044,-0.000220845
2620.7866,-0.000220353
2621.2688,-0.00024092
2621.7507,-0.000275005
2622.2329,-0.000308761
2622.7151,-0.000328905
2623.1973,-0.000328726
2623.6792,-0.000310662
2624.1614,-0.000284934
2624.6436,-0.00026526
2625.1257,-0.000263277
2625.6077,-0.000283611
2626.0898,-0.00032148
2626.572,-0.000364186
2627.0542,-0.000396211
2627.5361,-0.000405693
2628.0183,-0.000389067
2628.5005,-0.000351693
2628.9827,-0.000304724
2629.4646,-0.000260505
2629.9468,-0.000228828
2630.429,-0.000214915
2630.9111,-0.000218545
2631.3931,-0.000233983
2631.8752,-0.000251454
2632.3574,-0.000261125
2632.8396,-0.000258743
2633.3215,-0.000249549
2633.8037,-0.000246597
2634.2859,-0.000262832
2634.7681,-0.000301266
2635.25,-0.00035036
2635.7322,-0.000389095
2636.2144,-0.000399523
2636.6965,-0.000378633
2637.1785,-0.000341121
2637.6606,-0.00031069
2638.1428,-0.000305458
2638.625,-0.000327115
2639.1069,-0.000360695
2639.5891,-0.000384529
2640.0713,-0.000383401
2640.5535,-0.000356606
2641.0354,-0.000316704
2641.5176,-0.000280991
2641.9998,-0.000261736
2642.4819,-0.000261024
2642.9639,-0.000272378
2643.446,-0.000286916
2643.9282,-0.000299354
2644.4104,-0.000309835
2644.8923,-0.000320804
2645.3745,-0.000331701
2645.8567,-0.000336031
2646.3389,-0.000323853
2646.8208,-0.000288905
2647.303,-0.000235803
2647.7852,-0.000181883
2648.2673,-0.000151177
2648.7493,-0.000163013
2649.2314,-0.000221546
2649.7136,-0.000312387
2650.1958,-0.000408486
2650.6777,-0.000482128
2651.1599,-0.000516619
2651.6421,-0.000511899
2652.1243,-0.000481969
2652.6062,-0.000446432
2653.0884,-0.000420982
2653.5706,-0.000411429
2654.0527,-0.000413371
2654.5347,-0.000416494
2655.0168,-0.000410392
2655.499,-0.000388846
2655.9812,-0.00035113
2656.4631,-0.000301081
2656.9453,-0.000245641
2657.4275,-0.000193884
2657.9097,-0.00015604
2658.3916,-0.000141344
2658.8738,-0.000154496
2659.356,-0.000192479
2659.8381,-0.00024435
2660.3201,-0.000295257
2660.8022,-0.000332953
2661.2844,-0.000352974
2661.7666,-0.000359236
2662.2485,-0.000360012
2662.7307,-0.000362395
2663.2129,-0.000369073
2663.6951,-0.000378975
2664.177,-0.000390224
2664.6592,-0.000402442
2665.1414,-0.000416656
2665.6235,-0.000433541
2666.1055,-0.000452014
2666.5876,-0.000469525
2667.0698,-0.000483487
2667.552,-0.000492303
2668.0339,-0.00049503
2668.5161,-0.000490218
2668.9983,-0.000475395
2669.4805,-0.000448108
2669.9624,-0.000408151
2670.4446,-0.000359517
2670.9268,-0.000310628
2671.4089,-0.000272249
2671.8909,-0.00025372
2672.373,-0.000259037
2672.8552,-0.000284683
2673.3374,-0.000320576
2673.8193,-0.000354172
2674.3015,-0.000375981
2674.7837,-0.000383569
2675.2659,-0.000381736
2675.7478,-0.00037875
2676.23,-0.000381045
2676.7122,-0.000389734
2677.1943,-0.00040087
2677.6763,-0.000408801
2678.1584,-0.000410011
2678.6406,-0.000404954
2679.1228,-0.000397139
2679.6047,-0.000390655
2680.0869,-0.000387996
2680.5691,-0.000389371
2681.0513,-0.000393427
2681.5332,-0.000398518
2682.0154,-0.000403532
2682.4976,-0.000407779
2682.9797,-0.000410107
2683.4617,-0.000408068
2683.9438,-0.000398107
2684.426,-0.000377287
2684.9082,-0.000345758
2685.3901,-0.00030825
2685.8723,-0.000272991
2686.3545,-0.000248116
2686.8367,-0.000237582
2687.3186,-0.000239283
2687.8008,-0.0002466
2688.283,-0.000252215
2688.7651,-0.000251624
2689.2471,-0.000244508
2689.7292,-0.000234057
2690.2114,-0.000225606
2690.6936,-0.000225361
2691.1755,-0.000238783
2691.6577,-0.000267921
2692.1399,-0.000308506
2692.6221,-0.00034922
2693.104,-0.000375233
2693.5862,-0.000375169
2694.0684,-0.000347539
2694.5505,-0.000302095
2695.0325,-0.000254736
2695.5146,-0.000219139
2695.9968,-0.000200603
2696.479,-0.000195748
2696.9609,-0.00019733
2697.4431,-0.000199957
2697.9253,-0.000202667
2698.4075,-0.000207449
2698.8894,-0.000216035
2699.3716,-0.000228048
2699.8538,-0.000241695
2700.3359,-0.000255638
2700.8179,-0.000269879
2701.3,-0.000284725
2701.7822,-0.000299
2702.2644,-0.000309464
2702.7463,-0.000312429
2703.2285,-0.00030657
2703.7107,-0.000294759
2704.1929,-0.00028325
2704.6748,-0.000278473
2705.157,-0.000283405
2705.6392,-0.000295841
2706.1213,-0.00030954
2706.6033,-0.000317481
2707.0854,-0.000315243
2707.5676,-0.000302893
2708.0498,-0.000284841
2708.5317,-0.000268183
2709.0139,-0.000260311
2709.4961,-0.000266359
2709.9783,-0.000286983
2710.4602,-0.000317373
2710.9424,-0.00034847
2711.4246,-0.000370628
2711.9067,-0.000378297
2712.3887,-0.000373073
2712.8708,-0.000362965
2713.353,-0.00035795
2713.8352,-0.000364414
2714.3171,-0.000381867
2714.7993,-0.000403721
2715.2815,-0.000421164
2715.7637,-0.000427319
2716.2456,-0.000419319
2716.7278,-0.000397861
2717.21,-0.000365659
2717.6921,-0.000326377
2718.1741,-0.000284541
2718.6563,-0.000245625
2719.1384,-0.000215326
2719.6206,-0.000197873
2720.1025,-0.000194342
2720.5847,-0.000202255
2721.0669,-0.000217079
2721.5491,-0.000234941
2722.031,-0.000254874
2722.5132,-0.000278871
2722.9954,-0.000309218
2723.4775,-0.000344475
2723.9595,-0.00037702
2724.4417,-0.00039477
2724.9238,-0.000387207
2725.406,-0.000352503
2725.8879,-0.000300844
2726.3701,-0.000250712
2726.8523,-0.000219433
2727.3345,-0.000213622
2727.8164,-0.000225941
2728.2986,-0.000240594
2728.7808,-0.000243975
2729.2629,-0.000233197
2729.7449,-0.0002168
2730.2271,-0.000207596
2730.7092,-0.000213109
2731.1914,-0.000230464
2731.6733,-0.000249016
2732.1555,-0.00025828
2732.6377,-0.000255097
2733.1199,-0.000244918
2733.6018,-0.000236643
2734.084,-0.000235214
2734.5662,-0.000237652
2735.0483,-0.000235526
2735.5303,-0.000222026
2736.0125,-0.000198339
2736.4946,-0.000174407
2736.9768,-0.00016313
2737.4587,-0.00017188
2737.9409,-0.000197284
2738.4231,-0.000227125
2738.9053,-0.000248132
2739.3872,-0.000254334
2739.8694,-0.000250227
2740.3516,-0.000246829
2740.8337,-0.000253687
2741.3157,-0.000272503
2741.7979,-0.00029653
2742.28,-0.000315592
2742.7622,-0.000322783
2743.2441,-0.00031823
2743.7263,-0.000307786
2744.2085,-0.000298077
2744.6907,-0.000291481
2745.1726,-0.000284358
2745.6548,-0.000269632
2746.137,-0.000242156
2746.6191,-0.000203557
2747.1011,-0.00016328
2747.5833,-0.000134465
2748.0654,-0.000126512
2748.5476,-0.000138793
2749.0295,-0.000160207
2749.5117,-0.000175913
2749.9939,-0.000177483
2750.4761,-0.000169371
2750.958,-0.000166238
2751.4402,-0.000181929
2751.9224,-0.000217538
2752.4045,-0.00025767
2752.8865,-0.000278751
2753.3687,-0.000264389
2753.8508,-0.00021715
2754.333,-0.000158187
2754.8149,-0.000114798
2755.2971,-0.000104585
2755.7793,-0.000126987
2756.2615,-0.000167072
2756.7434,-0.000207506
2757.2256,-0.000239294
2757.7078,-0.00026408
2758.1899,-0.000287923
2758.6719,-0.000312844
2759.1541,-0.000333165
2759.6362,-0.000339059
2760.1184,-0.000323865
2760.6003,-0.000289367
2761.0825,-0.000245404
2761.5647,-0.000204646
2762.0469,-0.000176512
2762.5288,-0.000163974
2763.011,-0.00016439
2763.4932,-0.000172746
2763.9753,-0.000184729
2764.4573,-0.000197984
2764.9395,-0.000210616
2765.4216,-0.000222795
2765.9038,-0.000233596
2766.3857,-0.000242084
2766.8679,-0.000248133
2767.3501,-0.000252486
2767.8323,-0.000255621
2768.3142,-0.000256154
2768.7964,-0.000250371
2769.2786,-0.000234129
2769.7607,-0.000206515
2770.2427,-0.000172709
2770.7249,-0.000143116
2771.207,-0.000128145
2771.6892,-0.000131505
2772.1711,-0.000146951
2772.6533,-0.000161629
2773.1355,-0.00016448
2773.6177,-0.000153886
2774.0996,-0.000138806
2774.5818,-0.000132369
2775.064,-0.000142766
2775.5461,-0.000168475
2776.0281,-0.000201168
2776.5103,-0.000233113
2776.9924,-0.000261934
2777.4746,-0.000288133
2777.9565,-0.000307731
2778.4387,-0.000307759
2778.9209,-0.00027091
2779.4031,-0.000188046
2779.885,-6.97E-05
2780.3672,5.33E-05
2780.8494,0.000142463
2781.3315,0.000170983
2781.8135,0.000136278
2782.2957,5.91E-05
2782.7778,-2.97E-05
2783.26,-0.00010492
2783.7419,-0.000154874
2784.2241,-0.000179704
2784.7063,-0.000184051
2785.1885,-0.000172281
2785.6704,-0.000149277
2786.1526,-0.00012371
2786.6348,-0.000108024
2787.1169,-0.000112633
2787.5989,-0.000137925
2788.0811,-0.000170877
2788.5632,-0.00019054
2789.0454,-0.000180051
2789.5273,-0.000137529
2790.0095,-7.83E-05
2790.4917,-2.64E-05
2790.9739,-1.08E-06
2791.4558,-6.26E-06
2791.938,-2.97E-05
2792.4202,-5.11E-05
2792.9023,-5.41E-05
2793.3843,-3.37E-05
2793.8665,3.36E-06
2794.3486,4.40E-05
2794.8308,7.59E-05
2795.3127,9.11E-05
2795.7949,8.68E-05
2796.2771,6.32E-05
2796.7593,2.37E-05
2797.2412,-2.54E-05
2797.7234,-7.40E-05
2798.2056,-0.00011072
2798.6877,-0.000126857
2799.1697,-0.000120295
2799.6519,-9.63E-05
2800.134,-6.43E-05
2800.6162,-3.25E-05
2801.0981,-4.52E-06
2801.5803,2.06E-05
2802.0625,4.50E-05
2802.5447,6.87E-05
2803.0266,8.86E-05
2803.5088,0.000100334
2803.991,0.000101492
2804.4731,9.32E-05
2804.9551,7.93E-05
2805.4373,6.53E-05
2805.9194,5.67E-05
2806.4016,5.95E-05
2806.8835,7.97E-05
2807.3657,0.000120974
2807.8479,0.000181189
2808.3301,0.000249125
2808.812,0.000306266
2809.2942,0.000333665
2809.7764,0.000321233
2810.2585,0.000274041
2810.7405,0.000211376
2811.2227,0.0001586
2811.7048,0.000136188
2812.187,0.000151763
2812.6689,0.000198605
2813.1511,0.000260052
2813.6333,0.00031652
2814.1155,0.000351863
2814.5974,0.000357547
2815.0796,0.000334563
2815.5618,0.000293073
2816.0439,0.000249432
2816.5259,0.000220664
2817.0081,0.000218064
2817.4902,0.000242919
2817.9724,0.00028681
2818.4543,0.000336384
2818.9365,0.000379698
2819.4187,0.000410425
2819.9009,0.000427981
2820.3828,0.000434519
2820.865,0.000431604
2821.3472,0.000418973
2821.8293,0.00039594
2822.3113,0.000364073
2822.7935,0.000329171
2823.2756,0.000301091
2823.7578,0.000291181
2824.2397,0.000308243
2824.7219,0.000354795
2825.2041,0.000425591
2825.6863,0.000509434
2826.1682,0.000593528
2826.6504,0.000667966
2827.1326,0.000727742
2827.6147,0.000771512
2828.0967,0.000798804
2828.5789,0.000808583
2829.061,0.000800689
2829.5432,0.000778876
2830.0251,0.000752255
2830.5073,0.00073286
2830.9895,0.000730149
2831.4717,0.00074606
2831.9536,0.000774253
2832.4358,0.000804414
2832.918,0.00082891
2833.4001,0.000847534
2833.8821,0.000867378
2834.3643,0.000898106
2834.8464,0.000945682
2835.3286,0.00100835
2835.8105,0.0010771
2836.2927,0.00114018
2836.7749,0.00118884
2837.2571,0.00122078
2837.739,0.00123933
2838.2212,0.00124919
2838.7034,0.00125194
2839.1855,0.00124496
2839.6675,0.00122489
2840.1497,0.00119327
2840.6318,0.00115969
2841.114,0.00113927
2841.5959,0.00114509
2842.0781,0.00118049
2842.5603,0.00123633
2843.0425,0.00129536
2843.5244,0.00134071
2844.0066,0.0013633
2844.4888,0.00136401
2844.9709,0.00135055
2845.4529,0.001332
2845.9351,0.00131472
2846.4172,0.00130093
2846.8994,0.00128951
2847.3813,0.0012776
2847.8635,0.00126236
2848.3457,0.00124279
2848.8279,0.00122075
2849.3098,0.00120011
2849.792,0.00118376
2850.2742,0.00117024
2850.7563,0.00115343
2851.2383,0.00112707
2851.7205,0.0010917
2852.2026,0.00105844
2852.6848,0.00104477
2853.1667,0.00106307
2853.6489,0.00110933
2854.1311,0.00116098
2854.6133,0.00118773
2855.0952,0.00116974
2855.5774,0.00111128
2856.0596,0.00103974
2856.5417,0.000989746
2857.0237,0.000982284
2857.5059,0.00101265
2857.988,0.00105487
2858.4702,0.00107881
2858.9521,0.00106825
2859.4343,0.00102814
2859.9165,0.000978248
2860.3987,0.000939337
2860.8806,0.000922217
2861.3628,0.000926061
2861.845,0.000944457
2862.3271,0.000972334
2862.8091,0.00100773
2863.2913,0.00104811
2863.7734,0.00108611
2864.2556,0.00111033
2864.7375,0.00111203
2865.2197,0.00109328
2865.7019,0.00106964
2866.1841,0.0010641
2866.666,0.00109463
2867.1482,0.00116288
2867.6304,0.00125124
2868.1125,0.00133074
2868.5945,0.00137575
2869.0767,0.00137744
2869.5588,0.00134851
2870.041,0.0013161
2870.5229,0.0013067
2871.0051,0.00133111
2871.4873,0.00137811
2871.9695,0.00142096
2872.4514,0.0014337
2872.9336,0.00140807
2873.4158,0.00136078
2873.8979,0.0013262
2874.3799,0.00133804
2874.8621,0.00141095
2875.3442,0.00153311
2875.8264,0.0016737
2876.3083,0.00179927
2876.7905,0.00188803
2877.2727,0.0019344
2877.7549,0.001944
2878.2368,0.00192628
2878.719,0.00189118
2879.2012,0.00185033
2879.6833,0.00181799
2880.1653,0.00180719
2880.6475,0.0018225
2881.1296,0.00185624
2881.6118,0.00189356
2882.0938,0.00192428
2882.5759,0.00195213
2883.0581,0.00199267
2883.5403,0.00205977
2884.0222,0.00215098
2884.5044,0.00224403
2884.9866,0.00230889
2885.4688,0.00232712
2885.9507,0.00230448
2886.4329,0.00226738
2886.915,0.00224611
2887.3972,0.00225768
2887.8792,0.00229973
2888.3613,0.00235748
2888.8435,0.0024162
2889.3257,0.00246869
2889.8076,0.00251415
2890.2898,0.00255239
2890.772,0.00258053
2891.2542,0.00259537
2891.7361,0.00259812
2892.2183,0.00259571
2892.7004,0.00259634
2893.1826,0.00260288
2893.6646,0.00261016
2894.1467,0.00260934
2894.6289,0.00259612
2895.1111,0.002576
2895.593,0.00256194
2896.0752,0.00256568
2896.5574,0.00258939
2897.0396,0.00262421
2897.5215,0.00265701
2898.0037,0.00268043
2898.4858,0.00269867
2898.968,0.00272475
2899.45,0.00277129
2899.9321,0.00284135
2900.4143,0.00292566
2900.8965,0.00300761
2901.3784,0.00307225
2901.8606,0.00311319
2902.3428,0.00313376
2902.825,0.00314288
2903.3069,0.00314935
2903.7891,0.00315796
2904.2712,0.00316892
2904.7534,0.00317936
2905.2354,0.00318568
2905.7175,0.00318577
2906.1997,0.00318113
2906.6819,0.00317809
2907.1638,0.00318697
2907.646,0.00321831
2908.1282,0.00327734
2908.6104,0.00335977
2909.0923,0.00345216
2909.5745,0.00353752
2910.0566,0.00360345
2910.5388,0.00364804
2911.0208,0.00367989
2911.5029,0.00371235
2911.9851,0.00375551
2912.4673,0.00381094
2912.9492,0.00387207
2913.4314,0.00392954
2913.9136,0.00397787
2914.3958,0.00401918
2914.8777,0.00406167
2915.3599,0.00411369
2915.842,0.00417753
2916.3242,0.0042468
2916.8062,0.0043095
2917.2883,0.00435492
2917.7705,0.00438011
2918.2527,0.00439183
2918.7346,0.00440316
2919.2168,0.00442697
2919.699,0.00447046
2920.1812,0.00453311
2920.6631,0.00460795
2921.1453,0.00468405
2921.6274,0.00474846
2922.1096,0.00478819
2922.5916,0.0047934
2923.0737,0.00476241
2923.5559,0.00470586
2924.0381,0.00464622
2924.52,0.00461056
2925.0022,0.00461887
2925.4844,0.00467423
2925.9666,0.00476109
2926.4485,0.00485346
2926.9307,0.00492841
2927.4128,0.00497661
2927.895,0.00500382
2928.377,0.00502311
2928.8591,0.00504414
2929.3413,0.00506694
2929.8235,0.00508384
2930.3054,0.00508696
2930.7876,0.00507487
2931.2698,0.00505369
2931.752,0.00503265
2932.2339,0.00501882
2932.7161,0.00501542
2933.1982,0.00502448
2933.6804,0.00505019
2934.1624,0.00509867
2934.6445,0.0051733
2935.1267,0.00526916
2935.6089,0.00537175
2936.0908,0.00546215
2936.573,0.00552597
2937.0552,0.00556045
2937.5374,0.00557548
2938.0193,0.00558846
2938.5015,0.00561666
2938.9836,0.00567113
2939.4658,0.00575421
2939.9478,0.00585978
2940.4299,0.00597555
2940.9121,0.00608663
2941.3943,0.00618091
2941.8762,0.00625458
2942.3584,0.00631499
2942.8406,0.00637801
2943.3228,0.00646001
2943.8047,0.00656861
2944.2869,0.00669816
2944.769,0.00683325
2945.2512,0.00695816
2945.7332,0.00706606
2946.2153,0.00716188
2946.6975,0.00725754
2947.1797,0.00736337
2947.6616,0.00748158
2948.1438,0.00760532
2948.626,0.00772231
2949.1082,0.00781948
2949.5901,0.00788559
2950.0723,0.00791165
2950.5544,0.00789119
2951.0366,0.00782188
2951.5186,0.00770807
2952.0007,0.00756213
2952.4829,0.00740293
2952.9651,0.00725181
2953.447,0.00712724
2953.9292,0.00704018
2954.4114,0.00699063
2954.8936,0.00696642
2955.3755,0.0069451
2955.8577,0.00690008
2956.3398,0.00681015
2956.822,0.00666849
2957.304,0.00648578
2957.7861,0.00628418
2958.2683,0.00608518
2958.7505,0.00589889
2959.2324,0.00572264
2959.7146,0.00554955
2960.1968,0.00538018
2960.679,0.00522722
2961.1609,0.00510853
2961.6431,0.00503329
2962.1252,0.00499205
2962.6074,0.00495895
2963.0894,0.00490526
2963.5715,0.00481499
2964.0537,0.00469168
2964.5359,0.0045529
2965.0178,0.00441782
2965.5,0.00429702
2965.9822,0.00419061
2966.4644,0.00409348
2966.9463,0.00400188
2967.4285,0.00391614
2967.9106,0.00383885
2968.3928,0.00377151
2968.8748,0.00371284
2969.3569,0.00365991
2969.8391,0.00361061
2970.3213,0.00356552
2970.8032,0.00352804
2971.2854,0.00350286
2971.7676,0.00349333
2972.2498,0.00349853
2972.7317,0.00351152
2973.2139,0.00352031
2973.696,0.00351236
2974.1782,0.00348129
2974.6602,0.00343264
2975.1423,0.00338467
2975.6245,0.00336274
2976.1067,0.00338872
2976.5886,0.00347022
2977.0708,0.00359491
2977.553,0.00373323
2978.0352,0.00384943
2978.5171,0.00391677
2978.9993,0.00392991
2979.4814,0.00390788
2979.9636,0.00388483
2980.4456,0.00389243
2980.9277,0.00394316
2981.4099,0.00402398
2981.8921,0.00410458
2982.374,0.00415576
2982.8562,0.00416686
2983.3384,0.00415208
2983.8206,0.0041424
2984.3025,0.00416868
2984.7847,0.00424619
2985.2668,0.00436833
2985.749,0.00451136
2986.231,0.00464577
2986.7131,0.00474794
2987.1953,0.00480734
2987.6775,0.00482772
2988.1594,0.00482323
2988.6416,0.00481144
2989.1238,0.00480612
2989.606,0.00481232
2990.0879,0.00482619
2990.5701,0.00483952
2991.0522,0.0048464
2991.5344,0.0048478
2992.0164,0.00485094
2992.4985,0.00486373
2992.9807,0.00488833
2993.4629,0.00491859
2993.9448,0.0049435
2994.427,0.00495416
2994.9092,0.00494915
2995.3914,0.00493446
2995.8733,0.00491867
2996.3555,0.00490723
2996.8376,0.00490001
2997.3198,0.00489291
2997.8018,0.00488089
2998.2839,0.00485941
2998.7661,0.00482363
2999.2483,0.00476795
2999.7302,0.00468847
3000.2124,0.00458794
3000.6946,0.00447905
3001.1768,0.00438171
3001.6587,0.00431388
3002.1409,0.00428113
3002.623,0.00427234
3003.1052,0.0042656
3003.5872,0.0042412
3004.0693,0.00419375
3004.5515,0.00413531
3005.0337,0.00408754
3005.5156,0.00406782
3005.9978,0.00407809
3006.48,0.00410297
3006.9622,0.00411734
3007.4441,0.00409852
3007.9263,0.00403621
3008.4084,0.0039357
3008.8906,0.00381428
3009.3726,0.00369378
3009.8547,0.0035932
3010.3369,0.00352387
3010.8191,0.0034878
3011.301,0.00347817
3011.7832,0.00348141
3012.2654,0.00348066
3012.7476,0.0034607
3013.2295,0.00341311
3013.7117,0.00333935
3014.1938,0.00325002
3014.676,0.00316032
3015.158,0.00308427
3015.6401,0.0030303
3016.1223,0.00299978
3016.6045,0.00298765
3017.0864,0.00298376
3017.5686,0.00297456
3018.0508,0.00294631
3018.533,0.00289056
3019.0149,0.00280986
3019.4971,0.00271912
3019.9792,0.00263959
3020.4614,0.0025875
3020.9434,0.00256445
3021.4255,0.00255707
3021.9077,0.00254729
3022.3899,0.00252591
3022.8718,0.00249896
3023.354,0.00248124
3023.8362,0.0024819
3024.3184,0.00249383
3024.8003,0.00249632
3025.2825,0.00246964
3025.7646,0.00241062
3026.2468,0.0023364
3026.7288,0.00227288
3027.2109,0.00223674
3027.6931,0.00222546
3028.1753,0.00222282
3028.6572,0.00221492
3029.1394,0.00220284
3029.6216,0.00220118
3030.1038,0.00222281
3030.5857,0.00226237
3031.0679,0.00229261
3031.55,0.00227851
3032.0322,0.00219983
3032.5142,0.00206553
3032.9963,0.00190946
3033.4785,0.00177096
3033.9607,0.00167387
3034.4426,0.0016175
3034.9248,0.00158348
3035.407,0.00155161
3035.8892,0.00151287
3036.3711,0.00147142
3036.8533,0.00143703
3037.3354,0.00141552
3037.8176,0.00140479
3038.2996,0.00139801
3038.7817,0.00139006
3039.2639,0.00138159
3039.7461,0.00137776
3040.228,0.00138332
3040.7102,0.00139796
3041.1924,0.00141547
3041.6746,0.00142717
3042.1565,0.00142694
3042.6387,0.00141415
3043.1208,0.00139238
3043.603,0.00136505
3044.085,0.00133142
3044.5671,0.0012867
3045.0493,0.00122651
3045.5315,0.00115217
3046.0134,0.00107232
3046.4956,0.000998732
3046.9778,0.000939737
3047.46,0.000896709
3047.9419,0.000867164
3048.4241,0.0008518
3048.9063,0.000858588
3049.3884,0.000898582
3049.8704,0.000975077
3050.3525,0.00107434
3050.8347,0.00116641
3051.3169,0.00121767
3051.7988,0.00120851
3052.281,0.00114481
3052.7632,0.00105575
3053.2454,0.000979015
3053.7273,0.000942269
3054.2095,0.000951316
3054.6917,0.000989882
3055.1738,0.00102952
3055.6558,0.00104386
3056.1379,0.00102055
3056.6201,0.000965992
3057.1023,0.000901094
3057.5842,0.000849956
3058.0664,0.000827082
3058.5486,0.000829585
3059.0308,0.000838924
3059.5127,0.000831725
3059.9949,0.000793881
3060.4771,0.000729465
3060.9592,0.000658583
3061.4412,0.000605292
3061.9233,0.000583418
3062.4055,0.000589508
3062.8877,0.00060717
3063.3696,0.000619485
3063.8518,0.000621044
3064.334,0.000621518
3064.8162,0.000638558
3065.2981,0.000685232
3065.7803,0.000760595
3066.2625,0.000848978
3066.7446,0.000927307
3067.2266,0.000975001
3067.7087,0.000980532
3068.1909,0.000942271
3068.6731,0.000865872
3069.155,0.000762032
3069.6372,0.000646088
3070.1194,0.000537243
3070.6016,0.000454518
3071.0835,0.000409691
3071.5657,0.00040169
3072.0479,0.000417442
3072.53,0.000439998
3073.012,0.000458806
3073.4941,0.000474821
3073.9763,0.00049669
3074.4585,0.00053124
3074.9404,0.000575916
3075.4226,0.00061918
3075.9048,0.000648346
3076.387,0.000658373
3076.8689,0.000654641
3077.3511,0.000647905
3077.8333,0.000645949
3078.3154,0.000648812
3078.7974,0.000650946
3079.2795,0.000647685
3079.7617,0.000639965
3080.2439,0.000633252
3080.7258,0.00063197
3081.208,0.000634822
3081.6902,0.000635594
3082.1724,0.000629154
3082.6543,0.000617537
3083.1365,0.000610376
3083.6187,0.000618272
3084.1008,0.0006436
3084.5828,0.000675866
3085.0649,0.00069612
3085.5471,0.000688535
3086.0293,0.000651727
3086.5112,0.000601763
3086.9934,0.000564176
3087.4756,0.000559731
3087.9578,0.00059291
3088.4397,0.000650026
3088.9219,0.000707533
3089.4041,0.000744803
3089.8862,0.000753754
3090.3682,0.000740551
3090.8503,0.000719753
3091.3325,0.000705079
3091.8147,0.000701793
3092.2966,0.000704034
3092.7788,0.000697944
3093.261,0.00066921
3093.7432,0.000612002
3094.2251,0.000535149
3094.7073,0.000461626
3095.1895,0.000419796
3095.6716,0.000429514
3096.1536,0.000490615
3096.6357,0.000581592
3097.1179,0.000670493
3097.6001,0.000731879
3098.082,0.000759389
3098.5642,0.000766434
3099.0464,0.00077519
3099.5286,0.000801199
3100.0105,0.000843168
3100.4927,0.000883938
3100.9749,0.00090134
3101.457,0.000881802
3101.939,0.000828557
3102.4211,0.000760418
3102.9033,0.000702662
3103.3855,0.000675266
3103.8674,0.000684203
3104.3496,0.000719494
3104.8318,0.000760482
3105.314,0.000785613
3105.7959,0.000782098
3106.2781,0.000751131
3106.7603,0.000706677
3107.2424,0.000668922
3107.7244,0.000655655
3108.2065,0.000675187
3108.6887,0.000723182
3109.1709,0.00078418
3109.6528,0.000837257
3110.135,0.00086405
3110.6172,0.000856173
3111.0994,0.000818579
3111.5813,0.000766747
3112.0635,0.000718917
3112.5457,0.000687821
3113.0278,0.000677002
3113.5098,0.00068355
3113.9919,0.000703988
3114.4741,0.000737545
3114.9563,0.000783642
3115.4382,0.000836139
3115.9204,0.000880962
3116.4026,0.000901684
3116.8848,0.000890621
3117.3667,0.000856898
3117.8489,0.000823674
3118.3311,0.000814171
3118.8132,0.000835088
3119.2952,0.000869548
3119.7773,0.00088625
3120.2595,0.000859961
3120.7417,0.000790081
3121.2236,0.000704726
3121.7058,0.000646727
3122.188,0.00064904
3122.6702,0.000714496
3123.1521,0.000813046
3123.6343,0.000898485
3124.1165,0.000933753
3124.5986,0.000909297
3125.0806,0.000844803
3125.5627,0.000775091
3126.0449,0.000729583
3126.5271,0.000717532
3127.009,0.000726872
3127.4912,0.000735555
3127.9734,0.00072672
3128.4556,0.000698265
3128.9375,0.000662555
3129.4197,0.000638411
3129.9019,0.000640979
3130.384,0.000674752
3130.866,0.000732224
3131.3481,0.000797745
3131.8303,0.000854356
3132.3125,0.000890858
3132.7944,0.000906249
3133.2766,0.00090927
3133.7588,0.000912705
3134.241,0.000925264
3134.7229,0.000945784
3135.2051,0.000963486
3135.6873,0.000964304
3136.1694,0.000939542
3136.6514,0.000891569
3137.1335,0.000833186
3137.6157,0.000781322
3138.0979,0.000749206
3138.5798,0.000741542
3139.062,0.000754779
3139.5442,0.000781178
3140.0264,0.000813503
3140.5083,0.000847481
3140.9905,0.000881274
3141.4727,0.000913417
3141.9548,0.000941555
3142.4368,0.000963274
3142.9189,0.000978305
3143.4011,0.000989977
3143.8833,0.00100418
3144.3652,0.00102605
3144.8474,0.00105667
3145.3296,0.00109218
3145.8118,0.00112597
3146.2937,0.00115207
3146.7759,0.00116712
3147.2581,0.00117012
3147.7402,0.00116127
3148.2222,0.00114228
3148.7043,0.00111841
3149.1865,0.00109942
3149.6687,0.00109655
3150.1506,0.0011156
3150.6328,0.00115056
3151.115,0.00118349
3151.5972,0.00119251
3152.0791,0.00116354
3152.5613,0.00109811
3153.0435,0.00101205
3153.5256,0.000926677
3154.0076,0.000859418
3154.4897,0.000820045
3154.9719,0.000812855
3155.4541,0.000839652
3155.936,0.000898645
3156.4182,0.000979922
3156.9004,0.00106331
3157.3826,0.00112389
3157.8645,0.00114399
3158.3467,0.00112374
3158.8289,0.00108173
3159.311,0.00104402
3159.793,0.00102852
3160.2751,0.00103539
3160.7573,0.00105003
3161.2395,0.00105533
3161.7214,0.00104395
3162.2036,0.00102171
3162.6858,0.00100088
3163.168,0.000989531
3163.6499,0.000985724
3164.1321,0.000980668
3164.6143,0.000967766
3165.0964,0.000950114
3165.5784,0.000940265
3166.0605,0.000952067
3166.5427,0.000990186
3167.0249,0.00104472
3167.5068,0.00109494
3167.989,0.00112003
3168.4712,0.00111044
3168.9534,0.00107297
3169.4353,0.00102709
3169.9175,0.000995228
3170.3997,0.000992766
3170.8818,0.00102319
3171.3638,0.00107956
3171.8459,0.00114993
3172.3281,0.00122255
3172.8103,0.00128836
3173.2922,0.0013407
3173.7744,0.00137435
3174.2566,0.00138569
3174.7388,0.00137431
3175.2207,0.00134455
3175.7029,0.00130524
3176.1851,0.00126715
3176.6672,0.0012391
3177.1492,0.00122472
3177.6313,0.00122157
3178.1135,0.00122331
3178.5957,0.0012239
3179.0776,0.00122156
3179.5598,0.00122033
3180.042,0.00122811
3180.5242,0.00125206
3181.0061,0.00129349
3181.4883,0.00134476
3181.9705,0.00139026
3182.4526,0.00141166
3182.9346,0.00139531
3183.4167,0.00133849
3183.8989,0.00125159
3184.3811,0.00115511
3184.863,0.00107274
3185.3452,0.00102376
3185.8274,0.0010178
3186.3096,0.00105374
3186.7915,0.00112166
3187.2737,0.0012063
3187.7559,0.00129061
3188.238,0.00135929
3188.72,0.0014022
3189.2021,0.00141657
3189.6843,0.00140637
3190.1665,0.00137855
3190.6484,0.00133864
3191.1306,0.00128899
3191.6128,0.00123171
3192.095,0.00117362
3192.5769,0.00112848
3193.0591,0.00111265
3193.5413,0.00113598
3194.0234,0.0011944
3194.5054,0.00127064
3194.9875,0.00134358
3195.4697,0.00140003
3195.9519,0.00144044
3196.4338,0.00147482
3196.916,0.00151274
3197.3982,0.00155567
3197.8804,0.0015974
3198.3623,0.00163094
3198.8445,0.00165475
3199.3267,0.00167254
3199.8088,0.00168706
3200.2908,0.0016941
3200.7729,0.00168282
3201.2551,0.00164283
3201.7373,0.00157269
3202.2192,0.00148299
3202.7014,0.00139193
3203.1836,0.00131717
3203.6658,0.00126982
3204.1477,0.00125372
3204.6299,0.00126789
3205.1121,0.00130791
3205.5942,0.00136469
3206.0762,0.00142307
3206.5583,0.00146478
3207.0405,0.00147639
3207.5227,0.00145783
3208.0046,0.00142462
3208.4868,0.00140047
3208.969,0.00140409
3209.4512,0.0014386
3209.9331,0.00149097
3210.4153,0.00154181
3210.8975,0.0015783
3211.3796,0.00160084
3211.8616,0.00161968
3212.3438,0.00164508
3212.8259,0.00167876
3213.3081,0.00171253
3213.79,0.00173419
3214.2722,0.00173625
3214.7544,0.00172111
3215.2366,0.0016995
3215.7185,0.00168343
3216.2007,0.00167818
3216.6829,0.00167811
3217.165,0.00166878
3217.647,0.00163514
3218.1292,0.00157177
3218.6113,0.00148963
3219.0935,0.00141411
3219.5754,0.00137387
3220.0576,0.0013858
3220.5398,0.00144494
3221.022,0.0015265
3221.5039,0.00159911
3221.9861,0.00164165
3222.4683,0.00165354
3222.9504,0.00165254
3223.4324,0.00166186
3223.9146,0.00169482
3224.3967,0.00174648
3224.8789,0.00179674
3225.3608,0.00182245
3225.843,0.00181073
3226.3252,0.00176591
3226.8074,0.00170645
3227.2893,0.00165459
3227.7715,0.00162538
3228.2537,0.00162162
3228.7358,0.00163668
3229.2178,0.00166168
3229.7,0.00169109
3230.1821,0.00172315
3230.6643,0.00175644
3231.1462,0.00178693
3231.6284,0.00180878
3232.1106,0.00181812
3232.5928,0.00181573
3233.0747,0.00180623
3233.5569,0.00179458
3234.0391,0.00178396
3234.5212,0.00177694
3235.0032,0.00177765
3235.4854,0.00179036
3235.9675,0.00181349
3236.4497,0.00183381
3236.9316,0.00182853
3237.4138,0.00177741
3237.896,0.00167837
3238.3782,0.00155462
3238.8601,0.0014463
3239.3423,0.00139033
3239.8245,0.00140061
3240.3066,0.00146052
3240.7886,0.00153126
3241.2708,0.00156977
3241.7529,0.00154635
3242.2351,0.00145553
3242.717,0.00131892
3243.1992,0.00118076
3243.6814,0.00109575
3244.1636,0.00110933
3244.6455,0.00123568
3245.1277,0.00144547
3245.6099,0.00167406
3246.092,0.0018498
3246.574,0.00192742
3247.0562,0.00190697
3247.5383,0.00182818
3248.0205,0.00174541
3248.5024,0.00169944
3248.9846,0.00170255
3249.4668,0.0017423
3249.949,0.00179681
3250.4309,0.00184903
3250.9131,0.00189165
3251.3953,0.00192368
3251.8774,0.00194476
3252.3594,0.00195287
3252.8416,0.00194637
3253.3237,0.00192749
3253.8059,0.00190381
3254.2878,0.00188601
3254.77,0.00188292
3255.2522,0.00189653
3255.7344,0.00191974
3256.2163,0.00193839
3256.6985,0.00193735
3257.1807,0.00190798
3257.6628,0.00185317
3258.1448,0.00178689
3258.627,0.00172851
3259.1091,0.00169479
3259.5913,0.00169328
3260.0732,0.0017194
3260.5554,0.00175771
3261.0376,0.00178683
3261.5198,0.00178721
3262.0017,0.00174993
3262.4839,0.00168305
3262.9661,0.00161109
3263.4482,0.00156539
3263.9302,0.00156846
3264.4124,0.00162052
3264.8945,0.00169761
3265.3767,0.00176391
3265.8586,0.00179161
3266.3408,0.00177577
3266.823,0.00173465
3267.3052,0.00169599
3267.7871,0.00167951
3268.2693,0.00168752
3268.7515,0.0017089
3269.2336,0.00173125
3269.7156,0.00175077
3270.1978,0.00177259
3270.6799,0.00180247
3271.1621,0.00183799
3271.644,0.00186669
3272.1262,0.00187289
3272.6084,0.00184777
3273.0906,0.00179542
3273.5725,0.00173123
3274.0547,0.00167477
3274.5369,0.00164228
3275.019,0.00164213
3275.501,0.00167338
3275.9832,0.0017259
3276.4653,0.00178238
3276.9475,0.00182378
3277.4294,0.00183776
3277.9116,0.00182607
3278.3938,0.00180489
3278.876,0.00179613
3279.3579,0.00181376
3279.8401,0.00185399
3280.3223,0.00189611
3280.8044,0.00191359
3281.2864,0.00188758
3281.7686,0.00181469
3282.2507,0.0017065
3282.7329,0.00158521
3283.2148,0.00148003
3283.697,0.00142413
3284.1792,0.00144796
3284.6614,0.00156643
3285.1433,0.00176518
3285.6255,0.00199682
3286.1077,0.00219471
3286.5898,0.00230076
3287.0718,0.00229215
3287.554,0.00219083
3288.0361,0.00205004
3288.5183,0.00192683
3289.0002,0.00185768
3289.4824,0.00184963
3289.9646,0.00188748
3290.4468,0.00194713
3290.9287,0.00200508
3291.4109,0.00204102
3291.8931,0.00203779
3292.3752,0.00198351
3292.8572,0.00187722
3293.3394,0.00173376
3293.8215,0.00158321
3294.3037,0.00146307
3294.7856,0.001406
3295.2678,0.00142773
3295.75,0.00152039
3296.2322,0.00165428
3296.7141,0.00178858
3297.1963,0.00188737
3297.6785,0.00193397
3298.1606,0.00193603
3298.6426,0.00191796
3299.1248,0.00190489
3299.6069,0.001908
3300.0891,0.00191999
3300.571,0.00192337
3301.0532,0.00190536
3301.5354,0.00186935
3302.0176,0.00183511
3302.4995,0.00182788
3302.9817,0.00186327
3303.4639,0.00193703
3303.946,0.00202515
3304.428,0.00209382
3304.9102,0.00211409
3305.3923,0.00207425
3305.8745,0.00198504
3306.3564,0.00187575
3306.8386,0.00178348
3307.3208,0.00174006
3307.803,0.0017617
3308.2849,0.00184439
3308.7671,0.00196623
3309.2493,0.00209505
3309.7314,0.00219882
3310.2134,0.00225548
3310.6956,0.00225931
3311.1777,0.00222158
3311.6599,0.00216465
3312.1418,0.00211082
3312.624,0.00207058
3313.1062,0.00203677
3313.5884,0.00198957
3314.0703,0.00191113
3314.5525,0.00180127
3315.0347,0.00168393
3315.5168,0.00159863
3315.9988,0.00158059
3316.481,0.00164054
3316.9631,0.00175654
3317.4453,0.00188334
3317.9272,0.00197439
3318.4094,0.0020038
3318.8916,0.0019758
3319.3738,0.00191737
3319.8557,0.00185989
3320.3379,0.00182186
3320.8201,0.00180318
3321.3022,0.00179287
3321.7842,0.00178292
3322.2664,0.00177715
3322.7485,0.00178836
3323.2307,0.00182651
3323.7126,0.00188791
3324.1948,0.00195475
3324.677,0.00200593
3325.1592,0.00203067
3325.6411,0.00203424
3326.1233,0.00203144
3326.6055,0.00203336
3327.0876,0.00203881
3327.5696,0.00203733
3328.0518,0.00202042
3328.5339,0.00199038
3329.0161,0.00195887
3329.498,0.00193687
3329.9802,0.0019255
3330.4624,0.00191661
3330.9446,0.00190258
3331.4265,0.00188601
3331.9087,0.00187964
3332.3909,0.00189551
3332.873,0.00193235
3333.355,0.00197268
3333.8372,0.00199313
3334.3193,0.00198036
3334.8015,0.00194004
3335.2834,0.00189209
3335.7656,0.00185681
3336.2478,0.00184349
3336.73,0.00185034
3337.2119,0.00187396
3337.6941,0.0019182
3338.1763,0.00199244
3338.6584,0.00209961
3339.1404,0.00222388
3339.6226,0.00233064
3340.1047,0.00238238
3340.5869,0.00236143
3341.0688,0.00228334
3341.551,0.0021899
3342.0332,0.00212561
3342.5154,0.00211268
3342.9973,0.00214103
3343.4795,0.00217866
3343.9617,0.0021943
3344.4438,0.00217594
3344.9258,0.00213384
3345.408,0.00208867
3345.8901,0.00205585
3346.3723,0.00203753
3346.8542,0.00202591
3347.3364,0.00201241
3347.8186,0.00199456
3348.3008,0.00197652
3348.7827,0.00196532
3349.2649,0.00196719
3349.7471,0.00198611
3350.2292,0.00202321
3350.7112,0.00207539
3351.1934,0.00213389
3351.6755,0.00218593
3352.1577,0.00222031
3352.6396,0.0022339
3353.1218,0.00223356
3353.604,0.00223057
3354.0862,0.00223114
3354.5681,0.00222993
3355.0503,0.00221208
3355.5325,0.0021629
3356.0146,0.00207866
3356.4966,0.00197141
3356.9788,0.00186517
3357.4609,0.00178664
3357.9431,0.00175584
3358.425,0.00177995
3358.9072,0.00185129
3359.3894,0.00194874
3359.8716,0.00204308
3360.3535,0.00210618
3360.8357,0.00212236
3361.3179,0.00209658
3361.8,0.00205404
3362.282,0.00202915
3362.7642,0.00204858
3363.2463,0.00211751
3363.7285,0.00221654
3364.2104,0.00231084
3364.6926,0.00236648
3365.1748,0.00236538
3365.657,0.00231179
3366.1389,0.00222796
3366.6211,0.00214241
3367.1033,0.00207732
3367.5854,0.00204078
3368.0674,0.00202646
3368.5496,0.00201971
3369.0317,0.00200646
3369.5139,0.00198089
3369.9958,0.00194855
3370.478,0.00192411
3370.9602,0.00192467
3371.4424,0.00196172
3371.9243,0.00203499
3372.4065,0.00213082
3372.8887,0.00222544
3373.3708,0.0022922
3373.8528,0.0023103
3374.335,0.00227216
3374.8171,0.00218664
3375.2993,0.00207655
3375.7813,0.00197076
3376.2634,0.00189382
3376.7456,0.00185733
3377.2278,0.00185706
3377.7097,0.00187692
3378.1919,0.00189763
3378.6741,0.00190521
3379.1563,0.0018951
3379.6382,0.00187095
3380.1204,0.00184036
3380.6025,0.00181123
3381.0847,0.00179024
3381.5667,0.00178277
3382.0488,0.00179235
3382.531,0.00181882
3383.0132,0.00185685
3383.4951,0.00189714
3383.9773,0.00193087
3384.4595,0.00195506
3384.9417,0.00197501
3385.4236,0.00200143
3385.9058,0.00204363
3386.3879,0.00210304
3386.8701,0.00217103
3387.3521,0.00223211
3387.8342,0.00226983
3388.3164,0.00227214
3388.7986,0.00223349
3389.2805,0.00215427
3389.7627,0.00203959
3390.2449,0.00189955
3390.7271,0.00175091
3391.209,0.00161818
3391.6912,0.00153052
3392.1733,0.00151345
3392.6555,0.00157754
3393.1375,0.00171081
3393.6196,0.00188028
3394.1018,0.00204298
3394.584,0.0021607
3395.0659,0.00221146
3395.5481,0.00219396
3396.0303,0.00212487
3396.5125,0.00203142
3396.9944,0.00194246
3397.4766,0.00188076
3397.9587,0.00185838
3398.4409,0.00187537
3398.9229,0.00192122
3399.405,0.00197867
3399.8872,0.00202942
3400.3694,0.0020605
3400.8513,0.00206872
3401.3335,0.00206086
3401.8157,0.00204864
3402.2979,0.00204101
3402.7798,0.00203816
3403.262,0.0020312
3403.7441,0.0020085
3404.2263,0.00196494
3404.7083,0.00190806
3405.1904,0.00185643
3405.6726,0.00183039
3406.1548,0.00184045
3406.6367,0.00188102
3407.1189,0.00193357
3407.6011,0.00197741
3408.0833,0.00200103
3408.5652,0.00200704
3409.0474,0.00200815
3409.5295,0.00201777
3410.0117,0.00204123
3410.4937,0.00207249
3410.9758,0.00209748
3411.458,0.00210172
3411.9402,0.00207878
3412.4221,0.0020359
3412.9043,0.00199355
3413.3865,0.00197695
3413.8687,0.00200219
3414.3506,0.00206438
3414.8328,0.0021366
3415.3149,0.00218274
3415.7971,0.00217777
3416.2791,0.0021221
3416.7612,0.00203986
3417.2434,0.00196203
3417.7256,0.001907
3418.2075,0.00187303
3418.6897,0.0018467
3419.1719,0.00181868
3419.6541,0.00179313
3420.136,0.00178339
3420.6182,0.00179899
3421.1003,0.00183629
3421.5825,0.00188079
3422.0645,0.00191767
3422.5466,0.00194043
3423.0288,0.00195093
3423.511,0.00195341
3423.9929,0.00194982
3424.4751,0.00194029
3424.9573,0.00192627
3425.4395,0.00191091
3425.9214,0.00189564
3426.4036,0.00187746
3426.8857,0.00185179
3427.3679,0.00181944
3427.8499,0.00178981
3428.332,0.00177458
3428.8142,0.00177523
3429.2964,0.00177659
3429.7783,0.00175534
3430.2605,0.00170007
3430.7427,0.00162663
3431.2249,0.00157306
3431.7068,0.00157387
3432.189,0.00163218
3432.6711,0.00171301
3433.1533,0.00176576
3433.6353,0.00176029
3434.1174,0.00170945
3434.5996,0.00166007
3435.0818,0.00165763
3435.5637,0.00171046
3436.0459,0.00178053
3436.5281,0.00180858
3437.0103,0.00175569
3437.4922,0.0016321
3437.9744,0.0014939
3438.4565,0.00141064
3438.9387,0.00142627
3439.4207,0.00153838
3439.9028,0.00170535
3440.385,0.00187205
3440.8672,0.00199516
3441.3491,0.00205492
3441.8313,0.0020524
3442.3135,0.00199996
3442.7957,0.0019134
3443.2776,0.00180922
3443.7598,0.00170448
3444.2419,0.00161569
3444.7241,0.0015556
3445.2061,0.00152952
3445.6882,0.00153339
3446.1704,0.00155479
3446.6526,0.00157724
3447.1345,0.0015871
3447.6167,0.00158015
3448.0989,0.00156372
3448.5811,0.00155201
3449.063,0.00155685
3449.5452,0.00157897
3450.0273,0.00160542
3450.5095,0.00161588
3450.9915,0.00159515
3451.4736,0.00154374
3451.9558,0.00147842
3452.438,0.0014222
3452.9199,0.00139125
3453.4021,0.00138819
3453.8843,0.00140528
3454.3665,0.00143292
3454.8484,0.00146521
3455.3306,0.00149874
3455.8127,0.00152818
3456.2949,0.00154523
3456.7769,0.00154365
3457.259,0.00152556
3457.7412,0.00150205
3458.2234,0.00148555
3458.7053,0.00148019
3459.1875,0.00147838
3459.6697,0.0014672
3460.1519,0.0014392
3460.6338,0.00139851
3461.116,0.00135748
3461.5981,0.00132806
3462.0803,0.00131618
3462.5623,0.00132378
3463.0444,0.00135454
3463.5266,0.00141508
3464.0088,0.00150797
3464.4907,0.00162214
3464.9729,0.0017299
3465.4551,0.00179575
3465.9373,0.00179266
3466.4192,0.00171532
3466.9014,0.0015814
3467.3835,0.00142099
3467.8657,0.00126287
3468.3477,0.00112708
3468.8298,0.00102578
3469.312,0.0009669
3469.7942,0.00095481
3470.2761,0.000987596
3470.7583,0.00105558
3471.2405,0.00114473
3471.7227,0.00124277
3472.2046,0.00134214
3472.6868,0.00143626
3473.1689,0.00151277
3473.6511,0.00155194
3474.1331,0.00153505
3474.6152,0.00145888
3475.0974,0.00134468
3475.5796,0.00123194
3476.0615,0.00115845
3476.5437,0.00113911
3477.0259,0.00115796
3477.5081,0.00117866
3477.99,0.00116655
3478.4722,0.00110863
3478.9543,0.00102034
3479.4365,0.000936345
3479.9185,0.000891957
3480.4006,0.000905367
3480.8828,0.000969197
3481.365,0.00105479
3481.8469,0.00112711
3482.3291,0.00116281
3482.8113,0.00116121
3483.2935,0.0011414
3483.7754,0.00112745
3484.2576,0.00113158
3484.7397,0.00114608
3485.2219,0.0011498
3485.7039,0.00112491
3486.186,0.00107227
3486.6682,0.00101332
3487.1504,0.000976274
3487.6323,0.000976396
3488.1145,0.00100593
3488.5967,0.00104228
3489.0789,0.00106787
3489.5608,0.00108436
3490.043,0.00110904
3490.5251,0.00115633
3491.0073,0.00121951
3491.4893,0.00126876
3491.9714,0.00126947
3492.4536,0.00120849
3492.9358,0.00110837
3493.4177,0.00101777
3493.8999,0.000983269
3494.3821,0.00102099
3494.8643,0.0011062
3495.3462,0.0011878
3495.8284,0.00121819
3496.3105,0.00117968
3496.7927,0.00109114
3497.2747,0.000992787
3497.7568,0.000921739
3498.239,0.000894416
3498.7212,0.000904419
3499.2031,0.000932738
3499.6853,0.000960847
3500.1675,0.000978346
3500.6497,0.0009829
3501.1316,0.000976291
3501.6138,0.000961823
3502.0959,0.000944907
3502.5781,0.000934278
3503.0601,0.000939948
3503.5422,0.000967333
3504.0244,0.0010118
3504.5066,0.00105877
3504.9885,0.00109019
3505.4707,0.00109354
3505.9529,0.00106813
3506.4351,0.00102547
3506.917,0.000983917
3507.3992,0.000960362
3507.8813,0.000963064
3508.3635,0.000988119
3508.8455,0.00102097
3509.3276,0.00104301
3509.8098,0.00104111
3510.292,0.00101495
3510.7739,0.000977856
3511.2561,0.000950528
3511.7383,0.000951198
3512.2205,0.000986834
3512.7024,0.00104955
3513.1846,0.00112024
3513.6667,0.00117767
3514.1489,0.00120781
3514.6309,0.00120798
3515.113,0.00118431
3515.5952,0.00114544
3516.0774,0.00109743
3516.5593,0.00104307
3517.0415,0.000984825
3517.5237,0.000927516
3518.0059,0.000877515
3518.4878,0.000838407
3518.97,0.000807235
3519.4521,0.000775994
3519.9343,0.000738904
3520.4163,0.000700417
3520.8984,0.000677072
3521.3806,0.000690153
3521.8628,0.000752336
3522.3447,0.000856486
3522.8269,0.000975464
3523.3091,0.00107576
3523.7913,0.00113642
3524.2732,0.00115881
3524.7554,0.00116033
3525.2375,0.00115839
3525.7197,0.00115729
3526.2017,0.00114648
3526.6838,0.00111087
3527.166,0.00104542
3527.6482,0.000963666
3528.1301,0.000893169
3528.6123,0.000860285
3529.0945,0.000873791
3529.5767,0.000917583
3530.0586,0.000957185
3530.5408,0.000956983
3531.0229,0.00089916
3531.5051,0.000793853
3531.9871,0.000674228
3532.4692,0.000578482
3532.9514,0.000529398
3533.4336,0.000524738
3533.9155,0.000544791
3534.3977,0.000570769
3534.8799,0.000599694
3535.3621,0.000643838
3535.844,0.000714255
3536.3262,0.00080145
3536.8083,0.000871378
3537.2905,0.00088358
3537.7725,0.000818533
3538.2546,0.000693281
3538.7368,0.000554345
3539.219,0.000452809
3539.7009,0.000417046
3540.1831,0.000439878
3540.6653,0.000487946
3541.1475,0.000526169
3541.6294,0.00054066
3542.1116,0.000546241
3542.5938,0.00057542
3543.0759,0.000656018
3543.5579,0.000790372
3544.04,0.000948427
3544.5222,0.00107985
3545.0044,0.00113931
3545.4863,0.00111055
3545.9685,0.00101467
3546.4507,0.000897133
3546.9329,0.000802036
3547.4148,0.000751492
3547.897,0.000743248
3548.3792,0.000764361
3548.8613,0.00080636
3549.3433,0.000869234
3549.8254,0.000953447
3550.3076,0.00104901
3550.7898,0.00113186
3551.2717,0.00117217
3551.7539,0.00115038
3552.2361,0.00106977
3552.7183,0.0009556
3553.2002,0.000842225
3553.6824,0.000758716
3554.1646,0.000721146
3554.6467,0.000730779
3555.1287,0.000774065
3555.6108,0.000824176
3556.093,0.00084808
3556.5752,0.000820932
3557.0571,0.000741699
3557.5393,0.000638681
3558.0215,0.000558761
3558.5037,0.000545294
3558.9856,0.000616407
3559.4678,0.000754955
3559.95,0.000916027
3560.4321,0.00104849
3560.9141,0.0011178
3561.3962,0.00111732
3561.8784,0.00106563
3562.3606,0.000995719
3562.8428,0.000942701
3563.3247,0.000933609
3563.8069,0.000981516
3564.2891,0.00108445
3564.7712,0.00122744
3565.2532,0.00138535
3565.7354,0.00152677
3566.2175,0.00162104
3566.6997,0.00164942
3567.1816,0.00161468
3567.6638,0.0015392
3568.146,0.00144963
3568.6282,0.0013602
3569.1101,0.00126866
3569.5923,0.00116559
3570.0745,0.00104751
3570.5566,0.00092433
3571.0386,0.000816192
3571.5208,0.000741088
3572.0029,0.000702579
3572.4851,0.000688658
3572.967,0.000684126
3573.4492,0.000686398
3573.9314,0.000710538
3574.4136,0.000777249
3574.8955,0.000891863
3575.3777,0.00103141
3575.8599,0.00115127
3576.342,0.00120763
3576.824,0.0011808
3577.3062,0.00108404
3577.7883,0.00095323
3578.2705,0.000827019
3578.7524,0.000732007
3579.2346,0.000679458
3579.7168,0.000669115
3580.199,0.000692617
3580.6809,0.000734076
3581.1631,0.000771598
3581.6453,0.000784107
3582.1274,0.000762861
3582.6094,0.0007207
3583.0916,0.000689756
3583.5737,0.000705661
3584.0559,0.000789228
3584.5378,0.000939117
3585.02,0.00113735
3585.5022,0.00135911
3585.9844,0.00157833
3586.4663,0.00176638
3586.9485,0.00188846
3587.4307,0.00190736
3587.9128,0.00180028
3588.3948,0.00157987
3588.877,0.00129987
3589.3591,0.00103362
3589.8413,0.000840055
3590.3232,0.000743513
3590.8054,0.000736351
3591.2876,0.000792814
3591.7698,0.000881514
3592.2517,0.0009729
3592.7339,0.00104405
3593.2161,0.00108292
3593.6982,0.00109156
3594.1802,0.00108568
3594.6624,0.00108796
3595.1445,0.00111499
3595.6267,0.00116482
3596.1086,0.00121631
3596.5908,0.00124341
3597.073,0.00123367
3597.5552,0.00119749
3598.0371,0.00116261
3598.5193,0.00115745
3599.0015,0.00119339
3599.4836,0.00125708
3599.9656,0.00131708
3600.4478,0.00133949
3600.9299,0.00130169
3601.4121,0.00119715
3601.894,0.00103242
3602.3762,0.000823145
3602.8584,0.000593018
3603.3406,0.000373521
3603.8225,0.000200971
3604.3047,0.000110901
3604.7869,0.0001318
3605.269,0.000277744
3605.751,0.000538678
3606.2332,0.000873044
3606.7153,0.00121247
3607.1975,0.00148131
3607.6794,0.00162208
3608.1616,0.00161766
3608.6438,0.00150316
3609.126,0.00135289
3609.6079,0.00123769
3610.0901,0.00118681
3610.5723,0.00118734
3611.0544,0.00120852
3611.5364,0.00122345
3612.0186,0.00121926
3612.5007,0.00119741
3612.9829,0.00116649
3613.4648,0.0011334
3613.947,0.00110218
3614.4292,0.00108014
3614.9114,0.00108177
3615.3933,0.00112306
3615.8755,0.0012084
3616.3577,0.00131858
3616.8398,0.00140965
3617.3218,0.00142728
3617.804,0.0013345
3618.2861,0.00114096
3618.7683,0.000911647
3619.2502,0.000736252
3619.7324,0.000672222
3620.2146,0.000708375
3620.6968,0.000779815
3621.1787,0.000815412
3621.6609,0.000779038
3622.1431,0.000684093
3622.6252,0.000581452
3623.1072,0.000530059
3623.5894,0.000564742
3624.0715,0.000678248
3624.5537,0.000827498
3625.0356,0.000959106
3625.5178,0.00103696
3626,0.00105424
3626.4822,0.00102572
3626.9641,0.000971668
3627.4463,0.000907372
3627.9285,0.00084393
3628.4106,0.00079573
3628.8926,0.000780458
3629.3748,0.000802854
3629.8569,0.000846261
3630.3391,0.000888518
3630.821,0.000916492
3631.3032,0.000926327
3631.7854,0.000918394
3632.2676,0.000893264
3632.7495,0.000850053
3633.2317,0.000787631
3633.7139,0.000707734
3634.196,0.00061671
3634.678,0.000523759
3635.1602,0.00043839
3635.6423,0.000370397
3636.1245,0.000331196
3636.6064,0.000332171
3637.0886,0.000377394
3637.5708,0.000454366
3638.053,0.000532623
3638.5349,0.000576717
3639.0171,0.000566444
3639.4993,0.000508746
3639.9814,0.000432376
3640.4634,0.00036923
3640.9456,0.000334607
3641.4277,0.000319576
3641.9099,0.00030176
3642.3918,0.000267582
3642.874,0.000228145
3643.3562,0.000214364
3643.8384,0.000255642
3644.3203,0.000360505
3644.8025,0.000511984
3645.2847,0.000675835
3645.7668,0.000814363
3646.2488,0.000902534
3646.731,0.000943416
3647.2131,0.000972036
3647.6953,0.00103658
3648.1772,0.0011664
3648.6594,0.00134926
3649.1416,0.00152746
3649.6238,0.00161556
3650.1057,0.00154623
3650.5879,0.00132246
3651.0701,0.00102117
3651.5522,0.000739551
3652.0342,0.000543063
3652.5164,0.000451485
3652.9985,0.000449624
3653.4807,0.000502432
3653.9626,0.000566289
3654.4448,0.000596209
3654.927,0.000553642
3655.4092,0.000422386
3655.8911,0.000229159
3656.3733,3.95E-05
3656.8555,-8.80E-05
3657.3376,-0.000139371
3657.8196,-0.000136444
3658.3018,-0.000106305
3658.7839,-6.41E-05
3659.2661,-1.16E-05
3659.748,5.52E-05
3660.2302,0.000134854
3660.7124,0.000215184
3661.1946,0.000276888
3661.6765,0.000303326
3662.1587,0.000288227
3662.6409,0.000237252
3663.123,0.00016407
3663.605,8.49E-05
3664.0872,1.52E-05
3664.5693,-3.10E-05
3665.0515,-4.08E-05
3665.5334,-4.05E-06
3666.0156,8.53E-05
3666.4978,0.000227078
3666.98,0.000411665
3667.4619,0.000615614
3667.9441,0.000798209
3668.4263,0.000904851
3668.9084,0.000882581
3669.3904,0.00071007
3669.8726,0.000434075
3670.3547,0.000175439
3670.8369,6.17E-05
3671.3188,0.000136442
3671.801,0.000352185
3672.2832,0.000633306
3672.7654,0.000921321
3673.2473,0.00117925
3673.7295,0.00137545
3674.2117,0.00146525
3674.6938,0.00139424
3675.1758,0.00115662
3675.658,0.000853586
3676.1401,0.000611738
3676.6223,0.000470044
3677.1042,0.000396831
3677.5864,0.000347112
3678.0686,0.000287622
3678.5508,0.000203644
3679.0327,0.000101849
3679.5149,5.13E-06
3679.9971,-6.44E-05
3680.4792,-0.000101339
3680.9612,-0.000116383
3681.4434,-0.000124361
3681.9255,-0.000133628
3682.4077,-0.000143296
3682.8896,-0.000146227
3683.3718,-0.000133282
3683.854,-9.60E-05
3684.3362,-2.84E-05
3684.8181,6.98E-05
3685.3003,0.000190385
3685.7825,0.00031687
3686.2646,0.000427548
3686.7466,0.000500431
3687.2288,0.000521778
3687.7109,0.000500571
3688.1931,0.000474679
3688.675,0.000484412
3689.1572,0.000535648
3689.6394,0.000599608
3690.1216,0.000637129
3690.6035,0.000617063
3691.0857,0.000527919
3691.5679,0.000383808
3692.05,0.000215838
3692.532,5.44E-05
3693.0142,-7.88E-05
3693.4963,-0.00016666
3693.9785,-0.000195614
3694.4604,-0.000163337
3694.9426,-8.98E-05
3695.4248,-1.55E-05
3695.907,1.82E-05
3696.3889,-5.71E-06
3696.8711,-6.92E-05
3697.3533,-0.000129972
3697.8354,-0.00014907
3698.3174,-0.000116902
3698.7996,-6.04E-05
3699.2817,-2.69E-05
3699.7639,-5.89E-05
3700.2458,-0.000171883
3700.728,-0.00034246
3701.2102,-0.000511612
3701.6924,-0.000613864
3702.1743,-0.000619655
3702.6565,-0.000550479
3703.1387,-0.000451624
3703.6208,-0.000356682
3704.1028,-0.000272793
3704.585,-0.000185285
3705.0671,-7.27E-05
3705.5493,7.47E-05
3706.0313,0.000244133
3706.5134,0.000406183
3706.9956,0.000530411
3707.4778,0.000598389
3707.9597,0.000610138
3708.4419,0.000584683
3708.9241,0.000549578
3709.4063,0.000519588
3709.8882,0.000483977
3710.3704,0.000417984
3710.8525,0.000308648
3711.3347,0.000178423
3711.8167,8.63E-05
3712.2988,8.37E-05
3712.781,0.000161006
3713.2632,0.000257238
3713.7451,0.000312469
3714.2273,0.00029691
3714.7095,0.000213333
3715.1917,9.08E-05
3715.6736,-2.84E-05
3716.1558,-0.000109348
3716.6379,-0.000140022
3717.1201,-0.000131815
3717.6021,-0.000107548
3718.0842,-8.72E-05
3718.5664,-7.64E-05
3719.0486,-6.29E-05
3719.5305,-2.41E-05
3720.0127,5.85E-05
3720.4949,0.000188902
3720.9771,0.000350602
3721.459,0.000505554
3721.9412,0.000604457
3722.4233,0.000612829
3722.9055,0.000533152
3723.3875,0.000399101
3723.8696,0.000252641
3724.3518,0.000128944
3724.834,5.16E-05
3725.3159,2.67E-05
3725.7981,3.40E-05
3726.2803,3.17E-05
3726.7625,-1.52E-05
3727.2444,-0.000102562
3727.7266,-0.000182488
3728.2087,-0.000191415
3728.6909,-8.83E-05
3729.1729,0.000121377
3729.655,0.000385476
3730.1372,0.000625106
3730.6194,7.64E-04
3731.1013,0.00076701
3731.5835,0.000669083
3732.0657,0.000563141
3732.5479,0.000526293
3733.0298,0.000564785
3733.512,0.00062825
3733.9941,0.000654343
3734.4763,0.000604967
3734.9583,0.000490655
3735.4404,0.000370947
3735.9226,0.000311305
3736.4048,0.000329791
3736.8867,0.000392182
3737.3689,0.000447433
3737.8511,0.000458146
3738.3333,0.000410042
3738.8152,0.000309072
3739.2974,0.000177702
3739.7795,5.42E-05
3740.2617,-1.26E-05
3740.7437,1.59E-05
3741.2258,0.000143917
3741.708,0.00033859
3742.1902,0.000551779
3742.6721,0.000739845
3743.1543,0.000866538
3743.6365,0.000901615
3744.1187,0.000843171
3744.6006,0.000751243
3745.0828,0.000696722
3745.5649,0.000687428
3746.0471,0.00069784
3746.5291,0.000710357
3747.0112,7.20E-04
3747.4934,0.000731152
3747.9756,0.000750245
3748.4575,7.84E-04
3748.9397,8.25E-04
3749.4219,8.48E-04
3749.9041,8.17E-04
3750.386,7.11E-04
3750.8682,0.000529384
3751.3503,0.00030539
3751.8325,0.000119052
3752.3145,5.78E-05
3752.7966,0.000133741
3753.2788,0.000272042
3753.761,0.000385762
3754.2429,0.000425089
3754.7251,3.77E-04
3755.2073,0.000257503
3755.6895,0.000105115
3756.1714,-2.89E-05
3756.6536,-0.000107517
3757.1357,-0.000124339
3757.6179,-9.50E-05
3758.0999,-3.89E-05
3758.582,2.84E-05
3759.0642,9.38E-05
3759.5464,1.43E-04
3760.0283,1.66E-04
3760.5105,1.55E-04
3760.9927,1.15E-04
3761.4749,5.54E-05
3761.9568,-9.13E-06
3762.439,-5.70E-05
3762.9211,-6.66E-05
3763.4033,-2.57E-05
3763.8853,6.07E-05
3764.3674,0.000170285
3764.8496,0.000271654
3765.3318,0.000340089
3765.8137,0.000372016
3766.2959,0.000384003
3766.7781,0.000394073
3767.2603,0.000405092
3767.7422,0.00040321
3768.2244,0.000366232
3768.7065,0.000276683
3769.1887,0.000138857
3769.6707,-1.19E-05
3770.1528,-0.000128654
3770.635,-0.000188603
3771.1172,-0.000202864
3771.5991,-0.000197374
3772.0813,-0.000193632
3772.5635,-0.000200752
3773.0457,-0.000215327
3773.5276,-0.000226257
3774.0098,-0.00022263
3774.4919,-0.00020053
3774.9741,-0.000164397
3775.4561,-0.000122469
3775.9382,-7.97E-05
3776.4204,-3.31E-05
3776.9026,2.69E-05
3777.3845,0.000110354
3777.8667,0.00021819
3778.3489,0.00033471
3778.8311,0.000426156
3779.313,0.000454305
3779.7952,0.000400517
3780.2773,0.000277328
3780.7595,0.000116492
3781.2415,-4.91E-05
3781.7236,-0.00019354
3782.2058,-0.000298371
3782.688,-0.000353202
3783.1699,-0.000359149
3783.6521,-0.000331566
3784.1343,-0.0002964
3784.6165,-0.000278309
3785.0984,-0.00028684
3785.5806,-0.000311449
3786.0627,-0.000330079
3786.5449,-0.000324848
3787.0269,-2.94E-04
3787.509,-2.53E-04
3787.9912,-2.25E-04
3788.4734,-2.27E-04
3788.9553,-0.000258152
3789.4375,-0.000300219
3789.9197,-0.000330538
3790.4019,-0.000335308
3790.8838,-0.000316129
3791.366,-0.000285166
3791.8481,-0.0002539
3792.3303,-0.00022409
3792.8123,-0.000187356
3793.2944,-0.000132977
3793.7766,-5.74E-05
3794.2588,3.11E-05
3794.7407,0.000112578
3795.2229,0.000161117
3795.7051,0.000154411
3796.1873,8.91E-05
3796.6692,-8.55E-06
3797.1514,-9.25E-05
3797.6335,-1.22E-04
3798.1157,-7.96E-05
3798.5977,3.29E-05
3799.0798,0.000201065
3799.562,0.000402573
3800.0442,0.000601488
3800.5261,0.000741798
3801.0083,0.000763853
3801.4905,0.000656471
3801.9727,0.000482278
3802.4546,0.000324007
3802.9368,0.000228531
3803.4189,0.000203533
3803.9011,0.000234239
3804.3831,0.000294295
3804.8652,0.000351311
3805.3474,0.000372736
3805.8296,0.00033649
3806.3115,0.000246756
3806.7937,0.00013901
3807.2759,5.09E-05
3807.7581,-1.42E-05
3808.24,-8.00E-05
3808.7222,-0.000164739
3809.2043,-0.0002625
3809.6865,-0.000344639
3810.1685,-0.000375619
3810.6506,-0.000335692
3811.1328,-0.00023573
3811.615,-0.000111346
3812.0969,-1.32E-06
3812.5791,7.14E-05
3813.0613,0.000103281
3813.5435,0.000100649
3814.0254,6.95E-05
3814.5076,1.34E-05
3814.9897,-5.89E-05
3815.4719,-0.000122432
3815.9539,-0.000140606
3816.436,-9.40E-05
3816.9182,7.31E-06
3817.4004,1.46E-04
3817.8823,0.000315316
3818.3645,0.000515538
3818.8467,0.000738671
3819.3289,0.000953089
3819.8108,0.00109338
3820.293,0.00107695
3820.7751,0.000870148
3821.2573,5.51E-04
3821.7393,0.000254782
3822.2214,5.64E-05
3822.7036,-5.11E-05
3823.1858,-0.000104653
3823.6677,-0.000130811
3824.1499,-0.000135027
3824.6321,-0.000110544
3825.1143,-5.56E-05
3825.5962,1.20E-05
3826.0784,5.58E-05
3826.5605,4.34E-05
3827.0427,-2.57E-05
3827.5247,-0.000112282
3828.0068,-0.0001625
3828.489,-0.000141591
3828.9712,-4.95E-05
3829.4531,8.60E-05
3829.9353,0.000226394
3830.4175,0.000339376
3830.8997,0.000413052
3831.3816,0.000459521
3831.8638,4.98E-04
3832.3459,5.33E-04
3832.8281,0.000550281
3833.3101,0.000537122
3833.7922,0.00049711
3834.2744,0.000458278
3834.7566,0.000457138
3835.2385,0.000507099
3835.7207,0.000583228
3836.2029,0.000637708
3836.6851,0.000626737
3837.167,0.000535781
3837.6492,0.000395415
3838.1313,0.000261186
3838.6135,0.000163384
3839.0955,9.11E-05
3839.5776,2.35E-05
3840.0598,-3.97E-05
3840.542,-7.57E-05
3841.0239,-6.07E-05
3841.5061,5.71E-06
3841.9883,9.71E-05
3842.4705,0.000179017
3842.9524,0.000229419
3843.4346,0.000246731
3843.9167,0.000242867
3844.3989,0.000225906
3844.8809,0.000189145
3845.363,0.000118071
3845.8452,6.96E-06
3846.3274,-0.000129104
3846.8093,-0.000254177
3847.2915,-0.00032508
3847.7737,-0.000313155
3848.2559,-0.000218905
3848.7378,-6.68E-05
3849.22,0.000114367
3849.7021,0.000308783
3850.1843,0.000515331
3850.6663,0.000736288
3851.1484,0.000960674
3851.6306,0.00115252
3852.1128,0.00125083
3852.5947,0.00118649
3853.0769,0.000930757
3853.5591,0.000566711
3854.0413,0.000267348
3854.5232,0.000132902
3855.0054,0.000127936
3855.4875,0.000173507
3855.9697,0.000215466
3856.4517,0.000232329
3856.9338,0.00022676
3857.416,0.000217143
3857.8982,0.000225578
3858.3801,0.000263528
3858.8623,0.000325898
3859.3445,0.000396186
3859.8267,0.000454364
3860.3086,0.000483265
3860.7908,0.000476318
3861.2729,0.000445309
3861.7551,0.000417775
3862.2371,0.00042013
3862.7192,0.000461241
3863.2014,0.000528429
3863.6836,0.000591542
3864.1655,0.000611605
3864.6477,0.000560801
3865.1299,4.49E-04
3865.6121,0.000323961
3866.094,0.000235812
3866.5762,0.000208254
3867.0583,0.000239878
3867.5405,0.000315128
3868.0225,0.000408153
3868.5046,0.000480053
3868.9868,0.000482404
3869.469,0.000385749
3869.9509,2.19E-04
3870.4331,5.38E-05
3870.9153,-5.49E-05
3871.3975,-9.75E-05
3871.8794,-9.11E-05
3872.3616,-6.08E-05
3872.8438,-3.43E-05
3873.3259,-3.75E-05
3873.8079,-8.52E-05
3874.29,-1.68E-04
3874.7722,-2.54E-04
3875.2544,-3.11E-04
3875.7363,-3.15E-04
3876.2185,-0.000263851
3876.7007,-0.000167828
3877.1829,-5.43E-05
3877.6648,4.44E-05
3878.147,0.000103648
3878.6292,0.000118392
3879.1113,0.000105112
3879.5933,9.31E-05
3880.0754,0.000103228
3880.5576,0.000129639
3881.0398,0.000149318
3881.5217,0.000150136
3882.0039,0.000143531
3882.4861,0.000152792
3882.9683,0.000192246
3883.4502,0.000251839
3883.9324,0.00029473
3884.4146,0.000271911
3884.8967,0.000155198
3885.3787,-2.62E-05
3885.8608,-0.000190604
3886.343,-0.000268925
3886.8252,-0.000255626
3887.3071,-1.91E-04
3887.7893,-0.000117691
3888.2715,-5.64E-05
3888.7537,-5.91E-06
3889.2356,4.56E-05
3889.7178,0.000103211
3890.2,0.000151072
3890.6821,0.000151506
3891.1641,6.91E-05
3891.6462,-9.46E-05
3892.1284,-0.000295461
3892.6106,-0.000475583
3893.0925,-0.0005924
3893.5747,-0.00062637
3894.0569,-0.000579128
3894.5391,-0.000471343
3895.021,-0.000337151
3895.5032,-0.000210715
3895.9854,-0.000111447
3896.4675,-3.91E-05
3896.9495,2.00E-05
3897.4316,8.27E-05
3897.9138,0.000160098
3898.396,0.000251976
3898.8779,0.000347346
3899.3601,0.000433239
3899.8423,0.000503646
3900.3245,0.000559373
3900.8064,0.000600377
3901.2886,0.000619908
3901.7708,0.0006071
3902.2529,0.000557569
3902.7349,0.000483414
3903.217,0.000411581
3903.6992,0.000367415
3904.1814,0.000352723
3904.6633,0.000336688
3905.1455,0.000273476
3905.6277,0.000135574
3906.1099,-6.62E-05
3906.5918,-0.000289642
3907.074,-0.00048464
3907.5562,-0.000617691
3908.0383,-0.00068461
3908.5203,-0.000703635
3909.0024,-0.000693057
3909.4846,-0.000651959
3909.9668,-0.000562226
3910.4487,-0.000411919
3910.9309,-0.000219715
3911.4131,-3.67E-05
3911.8953,7.96E-05
3912.3772,0.000101427
3912.8594,4.91E-05
3913.3416,-2.28E-05
3913.8237,-6.37E-05
3914.3057,-5.87E-05
3914.7878,-3.17E-05
3915.27,-1.98E-05
3915.7522,-4.16E-05
3916.2341,-8.10E-05
3916.7163,-0.000100767
3917.1985,-8.05E-05
3917.6807,-4.04E-05
3918.1626,-2.52E-05
3918.6448,-6.75E-05
3919.127,-0.000161647
3919.6091,-0.000262611
3920.0911,-0.000312348
3920.5732,-0.000278964
3921.0554,-0.000177378
3921.5376,-5.38E-05
3922.0195,4.60E-05
3922.5017,9.53E-05
3922.9839,8.62E-05
3923.4661,2.01E-05
3923.948,-9.87E-05
3924.4302,-0.000259478
3924.9124,-0.000435689
3925.3945,-0.000584187
3925.8765,-0.000659142
3926.3586,-0.000633015
3926.8408,-0.000510136
3927.323,-0.00032658
3927.8049,-0.000137832
3928.2871,2.16E-06
3928.7693,6.37E-05
3929.2515,5.30E-05
3929.7334,2.65E-06
3930.2156,-5.21E-05
3930.6978,-9.32E-05
3931.1799,-0.000124425
3931.6619,-0.000159962
3932.144,-2.09E-04
3932.6262,-2.69E-04
3933.1084,-0.000326965
3933.5903,-0.000373007
3934.0725,-0.000405315
3934.5547,-0.000425839
3935.0369,-0.000433907
3935.5188,-0.000424505
3936.001,-0.000393585
3936.4832,-0.000345451
3936.9653,-0.000294813
3937.4473,-0.00026082
3937.9294,-0.000257516
3938.4116,-0.000287618
3938.8938,-0.000342813
3939.3757,-0.000407916
3939.8579,-0.000463887
3940.3401,-0.000488473
3940.8223,-0.000459161
3941.3042,-0.000363938
3941.7864,-0.00021785
3942.2686,-7.10E-05
3942.7507,9.58E-06
3943.2327,-1.85E-05
3943.7148,-0.00014209
3944.197,-0.00029846
3944.6792,-0.000412128
3945.1611,-0.000432704
3945.6433,-0.000354253
3946.1255,-0.000210299
3946.6077,-4.97E-05
3947.0896,9.11E-05
3947.5718,0.000200891
3948.054,0.000282974
3948.5361,0.000334621
3949.0181,0.000337392
3949.5002,0.000267933
3949.9824,0.000120274
3950.4646,-8.00E-05
3950.9465,-0.000282585
3951.4287,-0.000435061
3951.9109,-0.000504075
3952.3931,-0.000483688
3952.875,-0.00039038
3953.3572,-0.000251585
3953.8394,-9.55E-05
3954.3215,5.29E-05
3954.8035,0.000171507
3955.2856,0.000239839
3955.7678,0.000242296
3956.25,0.000174523
3956.7319,4.83E-05
3957.2141,-0.000109318
3957.6963,-0.000263413
3958.1785,-0.000380447
3958.6604,-0.000436542
3959.1426,-0.000422988
3959.6248,-0.000349193
3960.1069,-0.000241828
3960.5889,-0.000137624
3961.071,-6.91E-05
3961.5532,-4.82E-05
3962.0354,-5.94E-05
3962.5173,-7.02E-05
3962.9995,-5.55E-05
3963.4817,-1.89E-05
3963.9639,4.62E-06
3964.4458,-3.14E-05
3964.928,-0.000152247
3965.4102,-0.000338567
3965.8923,-0.000528187
3966.3743,-0.000645299
3966.8564,-0.00063944
3967.3386,-0.000511636
3967.8208,-0.00031385
3968.3027,-1.23E-04
3968.7849,-2.14E-06
3969.2671,2.61E-05
3969.7493,-1.49E-05
3970.2312,-7.79E-05
3970.7134,-0.000123388
3971.1956,-0.000140125
3971.6777,-0.000145148
3972.1597,-0.000163983
3972.6418,-0.000207124
3973.124,-0.000260341
3973.6062,-0.000296118
3974.0881,-0.000296473
3974.5703,-0.000268535
3975.0525,-0.000240629
3975.5347,-0.000242409
3976.0166,-0.000285221
3976.4988,-0.000357751
3976.981,-0.000437925
3977.4631,-0.000507912
3977.9451,-0.000558695
3978.4272,-0.000583184
3978.9094,-0.000569405
3979.3916,-0.000505234
3979.8735,-0.000393567
3980.3557,-0.000263692
3980.8379,-0.000164403
3981.3201,-0.000138697
3981.802,-0.000196322
3982.2842,-0.000304503
3982.7664,-0.000404772
3983.2485,-0.000445
3983.7305,-0.000406001
3984.2126,-0.000308217
3984.6948,-0.000198457
3985.177,-0.000126891
3985.6589,-0.00012539
3986.1411,-0.000193957
3986.6233,-0.000298803
3987.1055,-0.000384252
3987.5874,-0.000397415
3988.0696,-0.000317054
3988.5518,-0.000170967
3989.0339,-2.76E-05
3989.5159,3.86E-05
3989.998,-9.39E-06
3990.4802,-0.000148047
3990.9624,-0.000306613
3991.4443,-0.000410049
3991.9265,-0.000421581
3992.4087,-0.000357062
3992.8909,-0.000265586
3993.3728,-0.000194498
3993.855,-0.000164264
3994.3372,-0.000167411
3994.8193,-0.000186426
3995.3013,-0.000212337
3995.7834,-0.000248286
3996.2656,-0.00029757
3996.7478,-0.000349528
3997.2297,-0.000377794
3997.7119,-0.000354535
3998.1941,-0.000271198
3998.6763,-0.00015063
3999.1582,-4.08E-05
3999.6404,6.86E-06
4000.1226,-3.80E-05
