599.7532,0.14618
600.2354,0.147021
600.7175,0.147654
601.1996,0.1479
601.6817,0.147673
602.1638,0.147044
602.6459,0.146214
603.1281,0.145382
603.6102,0.144602
604.0923,0.143748
604.5744,0.142643
605.0565,0.141287
605.5386,0.139998
606.0208,0.139318
606.5029,0.139698
606.985,0.141162
607.4671,0.143173
607.9492,0.144852
608.4313,0.14547
608.9135,0.144907
609.3956,0.143717
609.8777,0.14272
610.3598,0.142417
610.8419,0.142615
611.324,0.142556
611.8062,0.141483
612.2883,0.139266
612.7704,0.136629
613.2525,0.134745
613.7346,0.134483
614.2167,0.135837
614.6989,0.137931
615.181,0.139588
615.6631,0.140029
616.1452,0.139266
616.6273,0.138002
617.1094,0.137113
617.5916,0.137043
618.0737,0.137557
618.5558,0.1381
619.0379,0.138363
619.52,0.138493
620.0021,0.138849
620.4843,0.139643
620.9664,0.140743
621.4485,0.14178
621.9306,0.142453
622.4127,0.142762
622.8948,0.142986
623.377,0.143413
623.8591,0.144095
624.3412,0.144773
624.8233,0.145046
625.3054,0.144619
625.7875,0.143485
626.2697,0.141908
626.7518,0.140279
627.2339,0.138934
627.716,0.138076
628.1981,0.137769
628.6802,0.13801
629.1624,0.138779
629.6445,0.140064
630.1266,0.141818
630.6087,0.143888
631.0908,0.145968
631.5729,0.147646
632.0551,0.148549
632.5372,0.148535
633.0193,0.147793
633.5014,0.146774
633.9835,0.145964
634.4656,0.145636
634.9478,0.145734
635.4299,0.145968
635.912,0.146039
636.3941,0.145835
636.8762,0.14546
637.3583,0.145088
637.8405,0.144791
638.3226,0.144481
638.8047,0.144006
639.2868,0.143298
639.7689,0.142463
640.251,0.141718
640.7332,0.141263
641.2153,0.14118
641.6974,0.141446
642.1795,0.142009
642.6616,0.142853
643.1437,0.143967
643.6259,0.145258
644.108,0.146492
644.5901,0.147341
645.0722,0.147535
645.5543,0.147022
646.0364,0.146021
646.5186,0.144911
647.0007,0.144044
647.4828,0.143587
647.9649,0.14349
648.447,0.143554
648.9291,0.14358
649.4113,0.143499
649.8934,0.14338
650.3755,0.143347
650.8576,0.14347
651.3397,0.143723
651.8218,0.144018
652.304,0.144266
652.7861,0.144437
653.2682,0.144567
653.7503,0.14471
654.2324,0.144879
654.7145,0.145019
655.1967,0.145024
655.6788,0.144809
656.1609,0.144368
656.643,0.143793
657.1251,0.143235
657.6072,0.142828
658.0894,0.142638
658.5715,0.142638
659.0536,0.142744
659.5357,0.142867
660.0178,0.142946
660.4999,0.142968
660.9821,0.14294
661.4642,0.142882
661.9463,0.14282
662.4284,0.142789
662.9105,0.142828
663.3926,0.142962
663.8748,0.143183
664.3569,0.14345
664.839,0.143717
665.3211,0.143966
665.8032,0.144221
666.2853,0.14454
666.7675,0.145007
667.2496,0.14569
667.7317,0.146395
668.2138,0.146083
668.6959,0.144216
669.178,0.142467
669.6602,0.141454
670.1423,0.140858
670.6244,0.140448
671.1065,0.140147
671.5886,0.13995
672.0707,0.139867
672.5529,0.139896
673.035,0.140014
673.5171,0.140194
673.9992,0.140423
674.4813,0.140691
674.9634,0.140971
675.4456,0.141203
675.9277,0.141311
676.4098,0.14125
676.8919,0.141036
677.374,0.14074
677.8561,0.140452
678.3383,0.140228
678.8204,0.140069
679.3025,0.13993
679.7846,0.139746
680.2667,0.139465
680.7488,0.13906
681.231,0.138533
681.7131,0.137922
682.1952,0.137305
682.6773,0.136799
683.1594,0.136531
683.6415,0.136593
684.1237,0.136997
684.6058,0.13765
685.0879,0.13837
685.57,0.138939
686.0521,0.139174
686.5342,0.138992
687.0164,0.138434
687.4985,0.13765
687.9806,0.136849
688.4627,0.136229
688.9448,0.13591
689.4269,0.1359
689.9091,0.1361
690.3912,0.136356
690.8733,0.136528
691.3554,0.136539
691.8375,0.136389
692.3196,0.136138
692.8018,0.135862
693.2839,0.135618
693.766,0.135415
694.2481,0.135217
694.7302,0.134967
695.2123,0.134627
695.6945,0.134214
696.1766,0.13381
696.6587,0.133531
697.1408,0.133474
697.6229,0.133652
698.105,0.13397
698.5872,0.134262
699.0693,0.134361
699.5514,0.134184
700.0335,0.133762
700.5156,0.133214
700.9977,0.132678
701.4799,0.132242
701.962,0.131921
702.4441,0.13167
702.9262,0.131437
703.4083,0.131203
703.8904,0.130986
704.3726,0.130813
704.8547,0.130691
705.3368,0.130592
705.8189,0.130483
706.301,0.130366
706.7831,0.130288
707.2653,0.130317
707.7474,0.130483
708.2295,0.130746
708.7116,0.13101
709.1937,0.131189
709.6758,0.131256
710.158,0.13124
710.6401,0.131182
711.1222,0.131093
711.6043,0.130954
712.0864,0.130763
712.5685,0.130549
713.0507,0.130339
713.5328,0.130102
714.0149,0.129742
714.497,0.129184
714.9791,0.128458
715.4612,0.127672
715.9434,0.126863
716.4255,0.125863
716.9076,0.12438
717.3897,0.122341
717.8718,0.120251
718.3539,0.11924
718.8361,0.12061
719.3182,0.12504
719.8003,0.131815
720.2824,0.13868
720.7645,0.142842
721.2466,0.142694
721.7288,0.138807
722.2109,0.133322
722.693,0.128495
723.1751,0.125609
723.6572,0.124705
724.1393,0.124983
724.6215,0.125492
725.1036,0.125676
725.5857,0.125498
726.0678,0.125188
726.5499,0.124935
727.032,0.124767
727.5142,0.124629
727.9963,0.124505
728.4784,0.124452
728.9605,0.124534
729.4426,0.124744
729.9247,0.124996
730.4069,0.125186
730.889,0.125256
731.3711,0.125213
731.8532,0.125104
732.3353,0.124982
732.8174,0.124886
733.2996,0.124833
733.7817,0.124816
734.2638,0.124815
734.7459,0.124802
735.228,0.124766
735.7101,0.124725
736.1923,0.124709
736.6744,0.124738
737.1565,0.124795
737.6386,0.124846
738.1207,0.124867
738.6028,0.124875
739.085,0.124924
739.5671,0.125067
740.0492,0.125313
740.5313,0.125625
741.0134,0.125943
741.4955,0.126237
741.9777,0.12653
742.4598,0.126892
742.9419,0.127396
743.424,0.128081
743.9061,0.128938
744.3882,0.129922
744.8704,0.130984
745.3525,0.132083
745.8346,0.133185
746.3167,0.134248
746.7988,0.135204
747.2809,0.13597
747.7631,0.136478
748.2452,0.136693
748.7273,0.136625
749.2094,0.1363
749.6915,0.135737
750.1736,0.134925
750.6558,0.133846
751.1379,0.132503
751.62,0.130951
752.1021,0.129297
752.5842,0.127674
753.0663,0.126192
753.5485,0.124909
754.0306,0.123814
754.5127,0.122852
754.9948,0.121956
755.4769,0.121085
755.959,0.120238
756.4412,0.119435
756.9233,0.118689
757.4054,0.117985
757.8875,0.117276
758.3696,0.116517
758.8517,0.115693
759.3339,0.114839
759.816,0.114024
760.2981,0.113315
760.7802,0.112745
761.2623,0.112293
761.7444,0.111906
762.2266,0.111522
762.7087,0.111104
763.1908,0.110652
763.6729,0.110194
764.155,0.109761
764.6371,0.10937
765.1193,0.109011
765.6014,0.108661
766.0835,0.108297
766.5656,0.107915
767.0477,0.107531
767.5298,0.107163
768.012,0.10682
768.4941,0.106499
768.9762,0.106205
769.4583,0.105953
769.9404,0.105766
770.4225,0.105645
770.9047,0.105554
771.3868,0.105424
771.8689,0.105191
772.351,0.104847
772.8331,0.104447
773.3152,0.104086
773.7974,0.103844
774.2795,0.103742
774.7616,0.103736
775.2437,0.103743
775.7258,0.103689
776.2079,0.103536
776.6901,0.103297
777.1722,0.103031
777.6543,0.102817
778.1364,0.102721
778.6185,0.102765
779.1006,0.102909
779.5828,0.10307
780.0649,0.103159
780.547,0.103137
781.0291,0.103027
781.5112,0.102894
781.9933,0.102802
782.4755,0.102775
782.9576,0.1028
783.4397,0.102851
783.9218,0.102908
784.4039,0.102968
784.886,0.103019
785.3682,0.10304
785.8503,0.103003
786.3324,0.102905
786.8145,0.102779
787.2966,0.102685
787.7787,0.10267
788.2609,0.102743
788.743,0.102863
789.2251,0.102965
789.7072,0.102997
790.1893,0.102945
790.6714,0.102829
791.1536,0.102688
791.6357,0.102548
792.1178,0.102406
792.5999,0.10224
793.082,0.10202
793.5641,0.101732
794.0463,0.10139
794.5284,0.101029
795.0105,0.100684
795.4926,0.100369
795.9747,0.100068
796.4568,0.099752
796.939,0.0993945
797.4211,0.0989938
797.9032,0.0985687
798.3853,0.098142
798.8674,0.097725
799.3495,0.0973144
799.8317,0.0969046
800.3138,0.0965017
800.7959,0.0961259
801.278,0.0957985
801.7601,0.095521
802.2422,0.0952622
802.7244,0.0949644
803.2065,0.0945684
803.6886,0.0940457
804.1707,0.0934197
804.6528,0.0927612
805.1349,0.0921554
805.6171,0.0916559
806.0992,0.0912512
806.5813,0.0908676
807.0634,0.0904109
807.5455,0.0898263
808.0276,0.0891366
808.5098,0.0884346
808.9919,0.0878289
809.474,0.0873795
809.9561,0.087063
810.4382,0.0867899
810.9203,0.0864604
811.4025,0.086021
811.8846,0.0854856
812.3667,0.0849141
812.8488,0.0843651
813.3309,0.0838585
813.813,0.0833687
814.2952,0.0828488
814.7773,0.0822671
815.2594,0.0816313
815.7415,0.0809896
816.2236,0.0804083
816.7057,0.0799412
817.1879,0.0796049
817.67,0.0793714
818.1521,0.0791795
818.6342,0.0789605
819.1163,0.0786684
819.5984,0.0782992
820.0806,0.0778931
820.5627,0.0775161
821.0448,0.077231
821.5269,0.0770695
822.009,0.0770197
822.4911,0.0770317
822.9733,0.0770385
823.4554,0.0769817
823.9375,0.0768332
824.4196,0.0766066
824.9017,0.0763538
825.3839,0.0761465
825.866,0.0760437
826.3481,0.0760596
826.8302,0.076147
827.3123,0.0762099
827.7944,0.0761453
828.2766,0.075892
828.7587,0.0754594
829.2408,0.0749173
829.7229,0.0743543
830.205,0.0738338
830.6871,0.0733772
831.1693,0.0729815
831.6514,0.0726498
832.1335,0.0724065
832.6156,0.0722808
833.0977,0.0722746
833.5798,0.0723432
834.062,0.0724115
834.5441,0.0724156
835.0262,0.0723409
835.5083,0.0722273
835.9904,0.0721388
836.4725,0.0721213
836.9547,0.07218
837.4368,0.0722884
837.9189,0.0724152
838.401,0.0725449
838.8831,0.0726769
839.3652,0.0728097
839.8474,0.0729289
840.3295,0.0730111
840.8116,0.0730397
841.2937,0.0730179
841.7758,0.0729683
842.2579,0.0729209
842.7401,0.0728999
843.2222,0.0729163
843.7043,0.0729659
844.1864,0.0730273
844.6685,0.0730594
845.1506,0.0730071
845.6328,0.0728181
846.1149,0.0724681
846.597,0.0719789
847.0791,0.0714119
847.5612,0.0708403
848.0433,0.0703143
848.5255,0.0698432
849.0076,0.0694035
849.4897,0.0689646
849.9718,0.0685127
850.4539,0.0680563
850.936,0.0676151
851.4182,0.0672045
851.9003,0.0668261
852.3824,0.0664702
852.8645,0.0661229
853.3466,0.0657721
853.8287,0.0654101
854.3109,0.0650337
854.793,0.064642
855.2751,0.0642331
855.7572,0.0637991
856.2393,0.0633263
856.7214,0.0628038
857.2036,0.0622385
857.6857,0.0616642
858.1678,0.0611343
858.6499,0.0606941
859.132,0.0603513
859.6141,0.0600658
860.0963,0.0597723
860.5784,0.0594219
861.0605,0.059014
861.5426,0.0585929
862.0247,0.058211
862.5068,0.057886
862.989,0.057586
863.4711,0.0572536
863.9532,0.0568507
864.4353,0.0563896
864.9174,0.0559267
865.3995,0.0555261
865.8817,0.0552213
866.3638,0.0550013
866.8459,0.0548282
867.328,0.0546675
867.8101,0.0545087
868.2922,0.0543654
868.7744,0.0542579
869.2565,0.0541971
869.7386,0.054179
870.2207,0.0541894
870.7028,0.0542114
871.1849,0.0542284
871.6671,0.0542225
872.1492,0.0541733
872.6313,0.0540601
873.1134,0.0538681
873.5955,0.0535941
874.0776,0.0532494
874.5598,0.0528565
875.0419,0.0524417
875.524,0.0520246
876.0061,0.0516089
876.4882,0.0511791
876.9703,0.0507093
877.4525,0.0501815
877.9346,0.0496046
878.4167,0.0490209
878.8988,0.048491
879.3809,0.0480635
879.863,0.0477469
880.3452,0.0475022
880.8273,0.0472649
881.3094,0.0469809
881.7915,0.0466362
882.2736,0.0462602
882.7557,0.0459036
883.2379,0.0456086
883.72,0.0453902
884.2021,0.0452383
884.6842,0.0451321
885.1663,0.0450536
885.6484,0.044989
886.1306,0.0449223
886.6127,0.044831
887.0948,0.04469
887.5769,0.0444845
888.059,0.0442198
888.5411,0.0439219
889.0233,0.0436271
889.5054,0.0433665
889.9875,0.0431553
890.4696,0.0429902
890.9517,0.0428566
891.4338,0.0427392
891.916,0.0426313
892.3981,0.0425388
892.8802,0.0424758
893.3623,0.0424538
893.8444,0.0424696
894.3265,0.0425014
894.8087,0.0425146
895.2908,0.042479
895.7729,0.0423852
896.255,0.0422515
896.7371,0.0421165
897.2192,0.0420223
897.7014,0.0419979
898.1835,0.042053
898.6656,0.0421803
899.1477,0.0423644
899.6298,0.0425876
900.1119,0.0428335
900.5941,0.0430863
901.0762,0.0433324
901.5583,0.0435607
902.0404,0.0437636
902.5225,0.043937
903.0046,0.0440807
903.4868,0.0442013
903.9689,0.0443164
904.451,0.0444552
904.9331,0.0446516
905.4152,0.0449297
905.8973,0.04529
906.3795,0.0457048
906.8616,0.0461283
907.3437,0.0465169
907.8258,0.0468492
908.3079,0.0471348
908.79,0.0474049
909.2722,0.0476928
909.7543,0.0480124
910.2364,0.0483489
910.7185,0.0486649
911.2006,0.048918
911.6827,0.0490806
912.1649,0.0491504
912.647,0.0491472
913.1291,0.0490994
913.6112,0.0490292
914.0933,0.0489467
914.5754,0.0488538
915.0576,0.0487542
915.5397,0.048659
916.0218,0.0485832
916.5039,0.0485348
916.986,0.0485064
917.4681,0.0484756
917.9503,0.0484188
918.4324,0.0483273
918.9145,0.0482155
919.3966,0.0481148
919.8787,0.0480549
920.3608,0.0480471
920.843,0.0480778
921.3251,0.0481199
921.8072,0.0481504
922.2893,0.0481655
922.7714,0.0481805
923.2535,0.0482187
923.7357,0.0482952
924.2178,0.0484086
924.6999,0.0485433
925.182,0.0486792
925.6641,0.0488006
926.1462,0.0488993
926.6284,0.0489712
927.1105,0.0490125
927.5926,0.0490179
928.0747,0.0489832
928.5568,0.0489082
929.0389,0.0487985
929.5211,0.0486643
930.0032,0.0485179
930.4853,0.0483727
930.9674,0.0482418
931.4495,0.0481364
931.9316,0.0480625
932.4138,0.0480195
932.8959,0.0480013
933.378,0.0480007
933.8601,0.0480132
934.3422,0.0480375
934.8243,0.0480702
935.3065,0.048102
935.7886,0.0481178
936.2707,0.0481064
936.7528,0.0480712
937.2349,0.0480362
937.717,0.0480383
938.1992,0.048111
938.6813,0.0482672
939.1634,0.0484952
939.6455,0.0487694
940.1276,0.0490681
940.6097,0.0493864
941.0919,0.0497365
941.574,0.0501375
942.0561,0.0506035
942.5382,0.0511395
943.0203,0.0517433
943.5024,0.0524081
943.9846,0.05312
944.4667,0.0538533
944.9488,0.0545723
945.4309,0.055247
945.913,0.0558749
946.3951,0.0564955
946.8773,0.0571806
947.3594,0.0580012
947.8415,0.0589879
948.3236,0.0601096
948.8057,0.0612858
949.2878,0.0624256
949.77,0.0634698
950.2521,0.06441
950.7342,0.0652759
951.2163,0.0661022
951.6984,0.0668992
952.1805,0.0676462
952.6627,0.06831
953.1448,0.068874
953.6269,0.0693557
954.109,0.0698025
954.5911,0.0702669
955.0732,0.0707787
955.5554,0.0713309
956.0375,0.0718884
956.5196,0.0724148
957.0017,0.0729007
957.4838,0.0733754
957.9659,0.0738951
958.4481,0.0745133
958.9302,0.0752519
959.4123,0.0760897
959.8944,0.0769759
960.3765,0.0778579
960.8586,0.0787072
961.3408,0.0795263
961.8229,0.0803354
962.305,0.0811503
962.7871,0.0819657
963.2692,0.0827546
963.7513,0.083481
964.2335,0.0841133
964.7156,0.0846308
965.1977,0.085021
965.6798,0.0852736
966.1619,0.0853788
966.644,0.0853316
967.1262,0.0851381
967.6083,0.0848165
968.0904,0.0843913
968.5725,0.0838826
969.0546,0.0832975
969.5367,0.0826283
970.0189,0.0818596
970.501,0.080981
970.9831,0.0800003
971.4652,0.0789498
971.9473,0.0778833
972.4294,0.0768604
972.9116,0.0759238
973.3937,0.0750806
973.8758,0.0742982
974.3579,0.0735186
974.84,0.0726856
975.3221,0.0717691
975.8043,0.0707728
976.2864,0.069722
976.7685,0.0686414
977.2506,0.0675403
977.7327,0.0664144
978.2148,0.065262
978.697,0.0641004
979.1791,0.0629683
979.6612,0.0619117
980.1433,0.060962
980.6254,0.0601208
981.1075,0.0593589
981.5897,0.0586286
982.0718,0.0578818
982.5539,0.0570856
983.036,0.0562319
983.5181,0.0553393
984.0002,0.0544485
984.4824,0.0536095
984.9645,0.0528635
985.4466,0.0522249
985.9287,0.0516728
986.4108,0.0511591
986.8929,0.0506288
987.3751,0.0500458
987.8572,0.0494085
988.3393,0.0487466
988.8214,0.0481015
989.3035,0.0474992
989.7856,0.0469322
990.2678,0.0463593
990.7499,0.0457245
991.232,0.0449869
991.7141,0.0441427
992.1962,0.0432303
992.6783,0.0423114
993.1605,0.0414417
993.6426,0.0406446
994.1247,0.039905
994.6068,0.0391832
995.0889,0.0384394
995.571,0.0376539
996.0532,0.036831
996.5353,0.0359898
997.0174,0.0351499
997.4995,0.0343226
997.9816,0.0335109
998.4637,0.0327141
998.9459,0.0319325
999.428,0.0311688
999.9101,0.0304286
1000.3922,0.0297214
1000.8743,0.0290616
1001.3564,0.0284653
1001.8386,0.0279452
1002.3207,0.0275043
1002.8028,0.0271331
1003.2849,0.0268152
1003.767,0.0265346
1004.2491,0.0262822
1004.7313,0.0260558
1005.2134,0.0258558
1005.6955,0.0256812
1006.1776,0.0255297
1006.6597,0.0254013
1007.1418,0.0253014
1007.624,0.02524
1008.1061,0.0252282
1008.5882,0.025273
1009.0703,0.0253764
1009.5524,0.025534
1010.0345,0.0257354
1010.5167,0.0259621
1010.9988,0.026188
1011.4809,0.0263833
1011.963,0.0265261
1012.4451,0.0266139
1012.9272,0.02667
1013.4094,0.0267372
1013.8915,0.0268599
1014.3736,0.0270635
1014.8557,0.0273419
1015.3378,0.0276598
1015.8199,0.0279689
1016.3021,0.0282288
1016.7842,0.028422
1017.2663,0.028555
1017.7484,0.0286491
1018.2305,0.0287262
1018.7126,0.028801
1019.1948,0.0288822
1019.6769,0.028979
1020.159,0.0291059
1020.6411,0.0292797
1021.1232,0.0295095
1021.6053,0.0297885
1022.0875,0.0300949
1022.5696,0.030404
1023.0517,0.0307018
1023.5338,0.0309924
1024.016,0.0312909
1024.498,0.0316086
1024.9802,0.0319415
1025.4623,0.0322719
1025.9445,0.032582
1026.4265,0.0328691
1026.9087,0.0331487
1027.3907,0.0334437
1027.8729,0.0337654
1028.355,0.0341031
1028.8372,0.0344289
1029.3192,0.0347166
1029.8014,0.03496
1030.2834,0.0351788
1030.7656,0.035407
1031.2477,0.0356731
1031.7299,0.0359836
1032.2119,0.0363202
1032.6941,0.03665
1033.1761,0.0369425
1033.6583,0.0371828
1034.1404,0.0373746
1034.6226,0.037534
1035.1046,0.0376783
1035.5868,0.0378171
1036.0688,0.0379492
1036.551,0.038067
1037.0331,0.0381638
1037.5153,0.0382405
1037.9973,0.0383077
1038.4795,0.0383828
1038.9615,0.0384844
1039.4437,0.0386272
1039.9258,0.0388174
1040.408,0.0390515
1040.89,0.039316
1041.3722,0.0395927
1041.8542,0.0398687
1042.3364,0.0401494
1042.8185,0.0404668
1043.3007,0.0408743
1043.7827,0.0414275
1044.2649,0.042159
1044.7469,0.0430621
1045.2291,0.0440956
1045.7112,0.0452058
1046.1934,0.0463532
1046.6754,0.0475271
1047.1576,0.0487418
1047.6396,0.0500205
1048.1218,0.0513792
1048.6039,0.0528197
1049.0861,0.0543321
1049.5681,0.0559001
1050.0503,0.0575058
1050.5323,0.0591351
1051.0145,0.0607831
1051.4966,0.0624587
1051.9788,0.0641819
1052.4608,0.0659703
1052.943,0.0678225
1053.425,0.0697079
1053.9072,0.071573
1054.3893,0.0733626
1054.8715,0.0750422
1055.3535,0.076608
1055.8357,0.0780777
1056.3177,0.0794703
1056.7999,0.0807876
1057.282,0.082009
1057.7642,0.0831008
1058.2462,0.084033
1058.7284,0.0847925
1059.2104,0.085388
1059.6926,0.0858435
1060.1747,0.0861878
1060.6569,0.0864451
1061.1389,0.0866319
1061.6211,0.086761
1062.1031,0.0868474
1062.5853,0.0869108
1063.0674,0.0869722
1063.5496,0.0870472
1064.0316,0.087139
1064.5138,0.0872383
1064.9958,0.0873287
1065.478,0.0873976
1065.9601,0.0874448
1066.4423,0.0874859
1066.9243,0.0875466
1067.4065,0.0876503
1067.8885,0.0878035
1068.3707,0.0879909
1068.8528,0.0881832
1069.335,0.0883534
1069.817,0.0884924
1070.2992,0.0886093
1070.7813,0.0887199
1071.2634,0.0888323
1071.7455,0.0889432
1072.2277,0.0890448
1072.7097,0.0891327
1073.1919,0.0892042
1073.674,0.0892513
1074.1561,0.0892601
1074.6382,0.089225
1075.1204,0.0891605
1075.6024,0.0890909
1076.0846,0.0890161
1076.5667,0.0888873
1077.0488,0.0886403
1077.5309,0.0882888
1078.0131,0.0880128
1078.4951,0.0881427
1078.9773,0.0889964
1079.4594,0.0906446
1079.9415,0.0927656
1080.4236,0.0947213
1080.9058,0.0958452
1081.3878,0.0957864
1081.87,0.0946938
1082.3521,0.0931142
1082.8342,0.091671
1083.3163,0.0907402
1083.7985,0.0903277
1084.2805,0.0901841
1084.7627,0.0900281
1085.2448,0.0897073
1085.7269,0.0892142
1086.209,0.0885975
1086.6912,0.0878733
1087.1732,0.0870063
1087.6554,0.0859514
1088.1375,0.0846974
1088.6196,0.0832693
1089.1017,0.0816984
1089.5839,0.0799992
1090.0659,0.0781765
1090.5481,0.0762527
1091.0302,0.0742828
1091.5123,0.0723392
1091.9944,0.0704787
1092.4766,0.0687198
1092.9586,0.0670465
1093.4408,0.0654317
1093.9229,0.0638607
1094.405,0.062339
1094.8871,0.0608857
1095.3693,0.0595229
1095.8513,0.058269
1096.3335,0.0571371
1096.8156,0.0561332
1097.2977,0.0552534
1097.7798,0.0544838
1098.262,0.0538038
1098.744,0.0531941
1099.2262,0.0526416
1099.7083,0.0521393
1100.1904,0.0516799
1100.6725,0.0512509
1101.1547,0.0508349
1101.6367,0.0504175
1102.1189,0.0499945
1102.601,0.0495742
1103.0831,0.0491699
1103.5652,0.0487882
1104.0474,0.0484217
1104.5294,0.0480527
1105.0116,0.047667
1105.4937,0.0472684
1105.9758,0.0468819
1106.4579,0.0465439
1106.9401,0.0462821
1107.4221,0.0460996
1107.9043,0.0459727
1108.3864,0.0458648
1108.8685,0.0457449
1109.3506,0.0456008
1109.8328,0.045441
1110.3148,0.0452857
1110.797,0.0451577
1111.2791,0.0450761
1111.7612,0.0450557
1112.2433,0.0451053
1112.7255,0.0452246
1113.2075,0.0453995
1113.6897,0.045603
1114.1718,0.0458035
1114.6539,0.0459782
1115.136,0.0461254
1115.6182,0.0462666
1116.1002,0.0464382
1116.5824,0.0466751
1117.0645,0.0469971
1117.5466,0.0474031
1118.0287,0.0478743
1118.5109,0.0483825
1118.9929,0.0489
1119.4751,0.049406
1119.9572,0.0498915
1120.4393,0.0503608
1120.9214,0.050828
1121.4036,0.0513102
1121.8856,0.0518152
1122.3678,0.052334
1122.8499,0.0528416
1123.332,0.0533103
1123.8141,0.0537284
1124.2963,0.0541109
1124.7783,0.0544962
1125.2605,0.0549257
1125.7426,0.0554216
1126.2247,0.0559759
1126.7068,0.0565585
1127.189,0.0571377
1127.671,0.0577013
1128.1532,0.0582628
1128.6353,0.0588536
1129.1174,0.0595052
1129.5995,0.0602374
1130.0817,0.0610544
1130.5637,0.0619515
1131.0459,0.0629228
1131.528,0.0639658
1132.0101,0.0650817
1132.4922,0.0662732
1132.9744,0.0675432
1133.4564,0.0688928
1133.9386,0.0703198
1134.4207,0.0718153
1134.9028,0.0733626
1135.3849,0.0749403
1135.8671,0.0765296
1136.3491,0.0781218
1136.8313,0.0797202
1137.3134,0.0813356
1137.7955,0.082979
1138.2776,0.0846564
1138.7598,0.08637
1139.2418,0.0881248
1139.724,0.0899329
1140.2061,0.0918123
1140.6882,0.0937778
1141.1703,0.095833
1141.6525,0.097966
1142.1345,0.100154
1142.6167,0.102369
1143.0988,0.104587
1143.5809,0.10679
1144.063,0.108958
1144.5452,0.111076
1145.0272,0.113132
1145.5094,0.115115
1145.9915,0.117021
1146.4736,0.118845
1146.9557,0.120575
1147.4379,0.122189
1147.9199,0.123659
1148.4021,0.124958
1148.8842,0.126068
1149.3663,0.12698
1149.8484,0.127697
1150.3306,0.128228
1150.8126,0.128586
1151.2948,0.128786
1151.7769,0.128846
1152.259,0.128781
1152.7411,0.1286
1153.2233,0.128303
1153.7053,0.127882
1154.1875,0.127326
1154.6696,0.126631
1155.1517,0.1258
1155.6338,0.124849
1156.116,0.1238
1156.598,0.12267
1157.0802,0.121475
1157.5623,0.120228
1158.0444,0.11894
1158.5265,0.117624
1159.0087,0.116292
1159.4907,0.114949
1159.9729,0.1136
1160.455,0.112249
1160.9371,0.110903
1161.4192,0.109577
1161.9014,0.108285
1162.3834,0.107033
1162.8656,0.105817
1163.3477,0.104622
1163.8298,0.10344
1164.3119,0.102272
1164.7941,0.101128
1165.2761,0.100023
1165.7583,0.0989653
1166.2404,0.0979555
1166.7225,0.0969931
1167.2046,0.0960826
1167.6868,0.0952326
1168.1688,0.0944472
1168.651,0.0937174
1169.1331,0.0930213
1169.6152,0.0923361
1170.0973,0.0916527
1170.5795,0.090983
1171.0615,0.0903527
1171.5437,0.0897851
1172.0258,0.0892866
1172.5079,0.0888444
1172.99,0.088435
1173.4722,0.0880387
1173.9542,0.0876482
1174.4364,0.0872705
1174.9185,0.0869197
1175.4006,0.0866091
1175.8827,0.0863441
1176.3649,0.0861222
1176.8469,0.0859354
1177.3291,0.0857769
1177.8112,0.0856456
1178.2933,0.0855465
1178.7754,0.0854871
1179.2576,0.0854724
1179.7396,0.0855016
1180.2218,0.0855715
1180.7039,0.0856815
1181.186,0.0858366
1181.6681,0.0860456
1182.1503,0.0863156
1182.6323,0.0866478
1183.1145,0.0870408
1183.5966,0.0874969
1184.0787,0.0880287
1184.5608,0.0886565
1185.043,0.0893979
1185.525,0.0902555
1186.0072,0.0912101
1186.4893,0.0922256
1186.9714,0.0932634
1187.4535,0.0942973
1187.9357,0.0953213
1188.4177,0.0963447
1188.8999,0.0973776
1189.382,0.0984155
1189.8641,0.0994321
1190.3462,0.100386
1190.8284,0.101234
1191.3104,0.101954
1191.7926,0.102544
1192.2747,0.103017
1192.7568,0.103387
1193.2389,0.103651
1193.7211,0.103786
1194.2031,0.103764
1194.6853,0.103565
1195.1674,0.10319
1195.6495,0.102658
1196.1316,0.101999
1196.6138,0.10124
1197.0958,0.10039
1197.578,0.0994464
1198.0601,0.0983975
1198.5422,0.0972366
1199.0243,0.0959716
1199.5065,0.0946271
1199.9885,0.093236
1200.4707,0.0918247
1200.9528,0.0903995
1201.4349,0.0889452
1201.917,0.0874369
1202.3992,0.0858607
1202.8812,0.0842284
1203.3634,0.0825766
1203.8455,0.0809503
1204.3276,0.0793805
1204.8097,0.0778723
1205.2919,0.0764084
1205.7739,0.0749661
1206.2561,0.0735341
1206.7382,0.07212
1207.2203,0.0707451
1207.7024,0.0694335
1208.1846,0.0682015
1208.6666,0.0670547
1209.1488,0.0659905
1209.6309,0.0650029
1210.113,0.0640873
1210.5951,0.0632411
1211.0773,0.062464
1211.5593,0.0617562
1212.0415,0.0611171
1212.5236,0.0605462
1213.0057,0.0600453
1213.4878,0.0596221
1213.97,0.0592903
1214.452,0.0590652
1214.9342,0.0589547
1215.4163,0.0589497
1215.8984,0.0590233
1216.3805,0.0591401
1216.8627,0.0592722
1217.3447,0.0594132
1217.8269,0.059579
1218.309,0.0597944
1218.7911,0.0600733
1219.2732,0.0604064
1219.7554,0.0607639
1220.2374,0.0611133
1220.7196,0.0614379
1221.2017,0.0617452
1221.6838,0.06206
1222.1659,0.0624078
1222.6481,0.0628029
1223.1301,0.0632458
1223.6123,0.0637304
1224.0944,0.0642506
1224.5765,0.0648009
1225.0586,0.0653711
1225.5408,0.0659435
1226.0228,0.066498
1226.505,0.0670232
1226.9871,0.067525
1227.4692,0.0680251
1227.9513,0.0685483
1228.4335,0.0691078
1228.9155,0.0696971
1229.3977,0.0702947
1229.8798,0.0708761
1230.3619,0.0714261
1230.844,0.0719434
1231.3262,0.0724378
1231.8082,0.0729226
1232.2904,0.0734083
1232.7725,0.073899
1233.2546,0.074392
1233.7367,0.07488
1234.2189,0.0753538
1234.7009,0.0758057
1235.1831,0.0762303
1235.6652,0.0766252
1236.1473,0.0769887
1236.6294,0.0773204
1237.1116,0.0776218
1237.5936,0.0778989
1238.0758,0.078161
1238.5579,0.0784168
1239.04,0.0786676
1239.5221,0.0789043
1240.0043,0.0791105
1240.4863,0.07927
1240.9685,0.0793752
1241.4506,0.0794288
1241.9327,0.0794386
1242.4148,0.0794088
1242.897,0.0793342
1243.379,0.0792019
1243.8612,0.0789983
1244.3433,0.0787166
1244.8254,0.0783603
1245.3075,0.0779408
1245.7897,0.077472
1246.2717,0.0769655
1246.7539,0.0764285
1247.236,0.0758649
1247.7181,0.0752767
1248.2002,0.074665
1248.6824,0.0740309
1249.1644,0.073375
1249.6466,0.0726979
1250.1287,0.0719997
1250.6108,0.0712793
1251.0929,0.0705341
1251.5751,0.069759
1252.0571,0.0689489
1252.5393,0.0681005
1253.0214,0.067216
1253.5035,0.0663043
1253.9856,0.0653791
1254.4678,0.064455
1254.9498,0.0635432
1255.432,0.0626493
1255.9141,0.0617749
1256.3962,0.0609207
1256.8783,0.0600881
1257.3605,0.0592785
1257.8425,0.0584908
1258.3247,0.0577211
1258.8068,0.0569655
1259.2889,0.0562254
1259.771,0.0555109
1260.2532,0.0548389
1260.7352,0.0542265
1261.2174,0.053684
1261.6995,0.053212
1262.1816,0.0528037
1262.6637,0.0524493
1263.1459,0.0521396
1263.6279,0.0518673
1264.1101,0.0516279
1264.5922,0.0514222
1265.0743,0.0512589
1265.5564,0.0511543
1266.0386,0.0511275
1266.5206,0.0511921
1267.0028,0.0513496
1267.4849,0.0515882
1267.967,0.0518879
1268.4491,0.0522281
1268.9313,0.0525952
1269.4133,0.0529847
1269.8955,0.0534007
1270.3776,0.0538515
1270.8597,0.0543442
1271.3418,0.0548788
1271.824,0.0554457
1272.306,0.0560267
1272.7882,0.0565998
1273.2703,0.0571454
1273.7524,0.0576495
1274.2345,0.058102
1274.7167,0.0584919
1275.1987,0.0588042
1275.6809,0.0590215
1276.163,0.0591286
1276.6451,0.0591172
1277.1272,0.058987
1277.6094,0.0587425
1278.0914,0.0583889
1278.5736,0.0579298
1279.0557,0.0573684
1279.5378,0.0567096
1280.0199,0.055961
1280.5021,0.0551323
1280.9841,0.0542337
1281.4663,0.0532759
1281.9484,0.0522694
1282.4305,0.0512242
1282.9126,0.0501488
1283.3948,0.0490499
1283.8768,0.0479345
1284.359,0.0468132
1284.8411,0.0457013
1285.3232,0.0446161
1285.8053,0.0435697
1286.2875,0.042564
1286.7695,0.0415911
1287.2517,0.04064
1287.7338,0.0397047
1288.2159,0.0387873
1288.698,0.0378947
1289.1802,0.037032
1289.6622,0.0361984
1290.1444,0.0353895
1290.6265,0.0346024
1291.1086,0.0338399
1291.5907,0.0331102
1292.0729,0.0324216
1292.5549,0.031779
1293.0371,0.0311817
1293.5192,0.0306233
1294.0013,0.0300936
1294.4834,0.02958
1294.9656,0.0290701
1295.4476,0.0285552
1295.9298,0.0280345
1296.4119,0.0275156
1296.894,0.0270112
1297.3761,0.0265323
1297.8583,0.0260831
1298.3403,0.0256604
1298.8225,0.0252578
1299.3046,0.0248702
1299.7867,0.0244968
1300.2688,0.0241395
1300.751,0.0238004
1301.233,0.0234783
1301.7152,0.0231688
1302.1973,0.0228649
1302.6794,0.0225597
1303.1615,0.0222478
1303.6437,0.0219274
1304.1257,0.0216017
1304.6079,0.0212785
1305.09,0.0209685
1305.5721,0.020682
1306.0542,0.0204253
1306.5364,0.0202
1307.0184,0.0200028
1307.5006,0.0198266
1307.9827,0.0196622
1308.4648,0.0194995
1308.9469,0.0193312
1309.4291,0.0191562
1309.9111,0.0189816
1310.3933,0.0188197
1310.8754,0.0186819
1311.3575,0.018571
1311.8396,0.0184789
1312.3218,0.0183899
1312.8038,0.018291
1313.286,0.0181804
1313.7681,0.0180688
1314.2502,0.0179714
1314.7323,0.0178975
1315.2145,0.0178433
1315.6965,0.0177951
1316.1787,0.0177377
1316.6608,0.0176635
1317.1429,0.017577
1317.625,0.0174903
1318.1072,0.0174151
1318.5892,0.0173564
1319.0714,0.0173108
1319.5535,0.0172717
1320.0356,0.0172348
1320.5177,0.0171997
1320.9999,0.0171674
1321.4819,0.0171345
1321.9641,0.0170923
1322.4462,0.0170307
1322.9283,0.0169459
1323.4104,0.0168467
1323.8926,0.0167529
1324.3746,0.0166867
1324.8568,0.0166608
1325.3389,0.0166723
1325.821,0.0167042
1326.3031,0.0167358
1326.7853,0.016753
1327.2673,0.0167545
1327.7495,0.0167494
1328.2316,0.0167502
1328.7137,0.0167638
1329.1958,0.0167876
1329.678,0.0168111
1330.16,0.0168226
1330.6422,0.0168171
1331.1243,0.0168018
1331.6064,0.0167944
1332.0885,0.0168153
1332.5707,0.0168752
1333.0527,0.0169672
1333.5349,0.0170687
1334.017,0.0171529
1334.4991,0.0172037
1334.9812,0.0172233
1335.4634,0.0172282
1335.9454,0.0172366
1336.4276,0.0172549
1336.9097,0.0172756
1337.3918,0.0172854
1337.8739,0.0172787
1338.3561,0.0172632
1338.8381,0.0172552
1339.3203,0.0172662
1339.8024,0.0172929
1340.2845,0.0173189
1340.7666,0.0173272
1341.2488,0.0173118
1341.7308,0.0172782
1342.213,0.0172355
1342.6951,0.0171891
1343.1772,0.0171392
1343.6593,0.0170856
1344.1415,0.0170327
1344.6235,0.0169905
1345.1057,0.0169699
1345.5878,0.0169752
1346.0699,0.0170011
1346.552,0.0170353
1347.0342,0.0170664
1347.5162,0.0170892
1347.9984,0.0171062
1348.4805,0.0171235
1348.9626,0.0171452
1349.4447,0.0171703
1349.9269,0.0171942
1350.4089,0.0172128
1350.8911,0.0172258
1351.3732,0.017238
1351.8553,0.0172574
1352.3374,0.0172922
1352.8196,0.0173492
1353.3016,0.0174321
1353.7838,0.0175401
1354.2659,0.0176671
1354.748,0.017802
1355.2301,0.0179318
1355.7123,0.0180464
1356.1943,0.0181424
1356.6765,0.0182233
1357.1586,0.0182982
1357.6407,0.0183779
1358.1228,0.0184733
1358.605,0.0185938
1359.087,0.0187459
1359.5692,0.0189308
1360.0513,0.0191432
1360.5334,0.0193715
1361.0155,0.0196015
1361.4977,0.0198202
1361.9797,0.0200179
1362.4619,0.0201861
1362.944,0.0203168
1363.4261,0.0204057
1363.9082,0.0204576
1364.3904,0.0204864
1364.8724,0.0205102
1365.3546,0.0205429
1365.8367,0.0205889
1366.3188,0.0206417
1366.8009,0.0206867
1367.2831,0.0207093
1367.7651,0.0207009
1368.2473,0.020662
1368.7294,0.020599
1369.2115,0.0205196
1369.6936,0.0204301
1370.1758,0.0203372
1370.6578,0.0202502
1371.14,0.0201804
1371.6221,0.0201367
1372.1042,0.0201212
1372.5863,0.0201266
1373.0685,0.0201388
1373.5505,0.0201453
1374.0327,0.0201457
1374.5148,0.020157
1374.9969,0.0202058
1375.479,0.0203148
1375.9612,0.0204947
1376.4432,0.0207457
1376.9254,0.021062
1377.4075,0.0214337
1377.8896,0.0218496
1378.3717,0.0223
1378.8539,0.0227808
1379.3359,0.0232935
1379.8181,0.0238394
1380.3002,0.0244106
1380.7823,0.0249849
1381.2644,0.0255278
1381.7466,0.0260045
1382.2286,0.0263929
1382.7108,0.0266915
1383.1929,0.0269176
1383.675,0.0270973
1384.1571,0.0272534
1384.6393,0.0273969
1385.1213,0.0275272
1385.6035,0.027636
1386.0856,0.0277124
1386.5677,0.0277451
1387.0498,0.0277268
1387.532,0.0276588
1388.014,0.0275515
1388.4962,0.0274155
1388.9783,0.0272526
1389.4604,0.0270554
1389.9425,0.0268143
1390.4247,0.0265273
1390.9067,0.0262065
1391.3889,0.0258757
1391.871,0.0255572
1392.3531,0.0252602
1392.8352,0.0249782
1393.3174,0.0246949
1393.7994,0.0243937
1394.2816,0.024068
1394.7637,0.0237285
1395.2458,0.0233991
1395.7279,0.0231003
1396.2101,0.022839
1396.6921,0.0226118
1397.1743,0.0224118
1397.6564,0.0222309
1398.1385,0.0220591
1398.6206,0.0218856
1399.1028,0.0217039
1399.5848,0.0215168
1400.067,0.0213352
1400.5491,0.0211696
1401.0313,0.0210252
1401.5133,0.0209015
1401.9955,0.0207937
1402.4775,0.020695
1402.9597,0.020597
1403.4418,0.0204905
1403.924,0.0203653
1404.406,0.0202123
1404.8882,0.0200275
1405.3702,0.0198164
1405.8524,0.019592
1406.3345,0.0193679
1406.8167,0.0191529
1407.2987,0.0189507
1407.7809,0.0187622
1408.2629,0.0185851
1408.7451,0.0184135
1409.2272,0.0182389
1409.7094,0.0180536
1410.1914,0.017856
1410.6736,0.0176539
1411.1556,0.0174636
1411.6378,0.0173046
1412.1199,0.0171921
1412.6021,0.0171326
1413.0841,0.0171237
1413.5663,0.0171574
1414.0483,0.0172253
1414.5305,0.0173215
1415.0126,0.0174415
1415.4948,0.0175787
1415.9768,0.0177235
1416.459,0.0178658
1416.941,0.0180033
1417.4232,0.0181491
1417.9053,0.0183339
1418.3875,0.0185976
1418.8695,0.0189586
1419.3517,0.0193719
1419.8337,0.0197479
1420.3159,0.0200375
1420.798,0.0202633
1421.2802,0.0204787
1421.7622,0.0207353
1422.2444,0.0210734
1422.7264,0.0215172
1423.2086,0.0220632
1423.6907,0.0226738
1424.1729,0.0232962
1424.6549,0.0239003
1425.1371,0.0244987
1425.6191,0.0251328
1426.1013,0.025847
1426.5834,0.0266664
1427.0656,0.0275895
1427.5476,0.0285984
1428.0298,0.0296819
1428.5118,0.0308551
1428.994,0.0321511
1429.4761,0.0335822
1429.9583,0.0350962
1430.4403,0.0365892
1430.9225,0.0379817
1431.4045,0.0392769
1431.8867,0.0405446
1432.3688,0.0418559
1432.851,0.0432201
1433.333,0.0445659
1433.8152,0.0457909
1434.2972,0.0468366
1434.7794,0.0477153
1435.2615,0.0484805
1435.7437,0.0491738
1436.2257,0.0497756
1436.7079,0.0502039
1437.1899,0.0504093
1437.6721,0.0504363
1438.1542,0.0503493
1438.6364,0.0501684
1439.1184,0.0498873
1439.6006,0.0495179
1440.0826,0.0491229
1440.5648,0.0488095
1441.0469,0.0486775
1441.5291,0.0487604
1442.0111,0.0490102
1442.4933,0.0493359
1442.9753,0.049657
1443.4575,0.0499392
1443.9396,0.0501977
1444.4218,0.0504702
1444.9038,0.0507836
1445.386,0.0511366
1445.868,0.0515066
1446.3502,0.0518674
1446.8323,0.0521997
1447.3145,0.0524927
1447.7965,0.0527394
1448.2787,0.0529345
1448.7607,0.0530743
1449.2429,0.053155
1449.725,0.0531693
1450.2072,0.0531039
1450.6892,0.052943
1451.1714,0.0526751
1451.6534,0.0523026
1452.1356,0.0518448
1452.6177,0.0513336
1453.0999,0.0508033
1453.5819,0.0502827
1454.0641,0.04979
1454.5461,0.0493265
1455.0283,0.048869
1455.5104,0.0483603
1455.9926,0.0477117
1456.4746,0.0468467
1456.9568,0.0457978
1457.4388,0.0447329
1457.921,0.0438038
1458.4031,0.0430354
1458.8853,0.0423846
1459.3673,0.0418115
1459.8495,0.0412917
1460.3315,0.0408033
1460.8137,0.0403222
1461.2958,0.03983
1461.778,0.0393256
1462.26,0.0388241
1462.7422,0.0383408
1463.2242,0.037873
1463.7064,0.0373935
1464.1885,0.0368688
1464.6707,0.0363018
1465.1527,0.0357577
1465.6349,0.0353202
1466.1169,0.0350229
1466.5991,0.0348484
1467.0812,0.0347669
1467.5634,0.0347613
1468.0454,0.0348277
1468.5276,0.0349656
1469.0096,0.0351697
1469.4918,0.0354302
1469.9739,0.0357404
1470.4561,0.0361031
1470.9381,0.0365332
1471.4203,0.0370536
1471.9023,0.0376764
1472.3845,0.0383672
1472.8666,0.0390391
1473.3488,0.0396246
1473.8308,0.0401308
1474.313,0.0406096
1474.795,0.0411123
1475.2772,0.0416661
1475.7593,0.0422578
1476.2415,0.0428276
1476.7235,0.0433011
1477.2057,0.0436464
1477.6877,0.0438914
1478.1699,0.044089
1478.652,0.0442811
1479.1342,0.0444873
1479.6162,0.0447077
1480.0984,0.0449298
1480.5804,0.0451344
1481.0626,0.0453023
1481.5447,0.0454213
1482.0269,0.0454903
1482.5089,0.0455184
1482.9911,0.045519
1483.4731,0.0455032
1483.9553,0.0454759
1484.4374,0.0454348
1484.9196,0.0453697
1485.4016,0.0452589
1485.8838,0.0450685
1486.3658,0.0447636
1486.848,0.0443375
1487.3301,0.0438335
1487.8123,0.0433181
1488.2943,0.0428157
1488.7765,0.042264
1489.2585,0.0415273
1489.7407,0.0404763
1490.2228,0.0391185
1490.705,0.0376356
1491.187,0.036218
1491.6692,0.0349062
1492.1512,0.0336293
1492.6334,0.0323249
1493.1155,0.0309994
1493.5977,0.0297077
1494.0797,0.0284915
1494.5619,0.0273283
1495.0439,0.026132
1495.5261,0.0248229
1496.0082,0.0234375
1496.4904,0.0221452
1496.9724,0.021095
1497.4546,0.0202815
1497.9366,0.0195884
1498.4188,0.0189035
1498.9009,0.0181946
1499.3831,0.0175094
1499.8651,0.0169091
1500.3473,0.0164073
1500.8293,0.0159713
1501.3115,0.0155619
1501.7936,0.0151636
1502.2758,0.0147883
1502.7578,0.0144561
1503.24,0.0141745
1503.722,0.0139349
1504.2042,0.0137269
1504.6863,0.0135528
1505.1685,0.0134383
1505.6505,0.0134319
1506.1327,0.0135606
1506.6147,0.013748
1507.0969,0.0138564
1507.579,0.0138385
1508.0612,0.0137327
1508.5432,0.0135813
1509.0254,0.0134077
1509.5074,0.013227
1509.9896,0.0130553
1510.4717,0.0129107
1510.9539,0.0128108
1511.4359,0.0127656
1511.9181,0.0127702
1512.4001,0.0128013
1512.8823,0.012826
1513.3644,0.0128203
1513.8466,0.012781
1514.3286,0.0127242
1514.8108,0.0126755
1515.2928,0.0126593
1515.775,0.012686
1516.2571,0.0127354
1516.7393,0.0127526
1517.2213,0.0126871
1517.7035,0.0125456
1518.1855,0.0123802
1518.6677,0.0122393
1519.1498,0.0121493
1519.632,0.012124
1520.114,0.0121731
1520.5962,0.0122967
1521.0782,0.0124598
1521.5604,0.012588
1522.0425,0.0126331
1522.5247,0.0126112
1523.0067,0.0125589
1523.4889,0.0124986
1523.9709,0.0124408
1524.4531,0.0123927
1524.9352,0.0123621
1525.4174,0.012354
1525.8994,0.0123642
1526.3816,0.0123779
1526.8636,0.0123766
1527.3458,0.0123471
1527.8279,0.0122875
1528.3101,0.0122098
1528.7921,0.0121351
1529.2743,0.0120837
1529.7563,0.0120654
1530.2385,0.0120794
1530.7206,0.0121215
1531.2028,0.0121916
1531.6848,0.0122983
1532.167,0.0124539
1532.649,0.0126575
1533.1312,0.0128689
1533.6133,0.0130102
1534.0955,0.0130261
1534.5775,0.0129361
1535.0597,0.0128053
1535.5417,0.0126889
1536.0239,0.0126132
1536.506,0.0125821
1536.9882,0.0125895
1537.4702,0.0126301
1537.9524,0.0127077
1538.4344,0.0128368
1538.9166,0.0130269
1539.3987,0.0132439
1539.8809,0.0134142
1540.3629,0.0135031
1540.8451,0.0135358
1541.3271,0.0135449
1541.8093,0.0135437
1542.2914,0.0135317
1542.7736,0.0135099
1543.2556,0.0134868
1543.7378,0.0134749
1544.2198,0.0134822
1544.702,0.0135044
1545.1841,0.0135224
1545.6663,0.0135134
1546.1483,0.0134699
1546.6305,0.013404
1547.1125,0.0133374
1547.5947,0.013291
1548.0768,0.0132824
1548.559,0.0133238
1549.041,0.013416
1549.5232,0.0135418
1550.0052,0.0136669
1550.4874,0.0137592
1550.9695,0.0138096
1551.4517,0.0138325
1551.9337,0.0138499
1552.4159,0.0138817
1552.8979,0.0139426
1553.3801,0.0140377
1553.8622,0.0141511
1554.3444,0.0142441
1554.8264,0.0142861
1555.3086,0.0142822
1555.7906,0.0142593
1556.2728,0.0142436
1556.7549,0.0142575
1557.2371,0.0143255
1557.7191,0.0144799
1558.2013,0.0147441
1558.6833,0.0150669
1559.1655,0.015295
1559.6476,0.0153393
1560.1298,0.0152559
1560.6118,0.0151243
1561.094,0.0149882
1561.576,0.0148676
1562.0582,0.0147731
1562.5403,0.0147125
1563.0225,0.0146915
1563.5045,0.0147117
1563.9867,0.0147648
1564.4688,0.0148305
1564.9509,0.0148839
1565.433,0.014911
1565.9152,0.0149173
1566.3972,0.014922
1566.8794,0.0149468
1567.3615,0.0150101
1567.8436,0.0151274
1568.3257,0.0153071
1568.8079,0.0155347
1569.2899,0.0157519
1569.7721,0.01588
1570.2542,0.0158936
1570.7363,0.0158373
1571.2184,0.015769
1571.7006,0.0157254
1572.1826,0.0157215
1572.6648,0.0157569
1573.1469,0.0158211
1573.629,0.0159013
1574.1111,0.0159916
1574.5933,0.0160996
1575.0753,0.0162432
1575.5575,0.0164333
1576.0396,0.0166399
1576.5217,0.0167932
1577.0038,0.0168596
1577.486,0.0168707
1577.968,0.0168721
1578.4502,0.0168916
1578.9323,0.0169383
1579.4144,0.0170076
1579.8965,0.0170876
1580.3787,0.0171675
1580.8607,0.0172465
1581.3429,0.0173353
1581.825,0.0174484
1582.3071,0.0175949
1582.7892,0.0177725
1583.2714,0.0179682
1583.7534,0.0181642
1584.2356,0.0183443
1584.7177,0.0184973
1585.1998,0.0186183
1585.6819,0.0187095
1586.1641,0.0187812
1586.6461,0.0188498
1587.1283,0.0189338
1587.6105,0.0190463
1588.0925,0.0191901
1588.5747,0.0193574
1589.0568,0.0195354
1589.5389,0.0197139
1590.021,0.0198905
1590.5032,0.0200699
1590.9852,0.0202581
1591.4674,0.0204572
1591.9495,0.0206632
1592.4316,0.0208706
1592.9137,0.0210772
1593.3959,0.0212856
1593.8779,0.0215
1594.3601,0.0217208
1594.8422,0.0219415
1595.3243,0.0221521
1595.8064,0.022347
1596.2886,0.0225309
1596.7706,0.0227177
1597.2528,0.0229241
1597.7349,0.0231609
1598.217,0.0234287
1598.6991,0.0237184
1599.1813,0.0240166
1599.6633,0.0243109
1600.1455,0.0245942
1600.6276,0.0248661
1601.1097,0.0251321
1601.5918,0.0254
1602.074,0.0256757
1602.556,0.025959
1603.0382,0.0262438
1603.5203,0.0265239
1604.0024,0.0267986
1604.4845,0.0270761
1604.9667,0.0273685
1605.4487,0.0276841
1605.9309,0.0280221
1606.413,0.0283727
1606.8951,0.0287241
1607.3772,0.0290703
1607.8594,0.0294142
1608.3414,0.029764
1608.8236,0.0301249
1609.3057,0.0304945
1609.7878,0.030863
1610.2699,0.0312207
1610.7521,0.0315653
1611.2341,0.0319049
1611.7163,0.0322543
1612.1984,0.0326272
1612.6805,0.0330265
1613.1626,0.0334391
1613.6448,0.0338424
1614.1268,0.0342195
1614.609,0.0345722
1615.0911,0.034925
1615.5732,0.0353227
1616.0553,0.035809
1616.5375,0.0363715
1617.0195,0.0369139
1617.5017,0.0373552
1617.9838,0.0377103
1618.4659,0.0380395
1618.948,0.0383891
1619.4302,0.0387754
1619.9122,0.0391872
1620.3944,0.0395981
1620.8765,0.0399879
1621.3586,0.040358
1621.8407,0.0407315
1622.3229,0.0411386
1622.8049,0.0415935
1623.2871,0.0420721
1623.7692,0.0425209
1624.2513,0.0429062
1624.7334,0.0432406
1625.2156,0.0435579
1625.6976,0.0438841
1626.1798,0.044228
1626.6619,0.0445822
1627.144,0.0449264
1627.6261,0.0452398
1628.1083,0.0455181
1628.5903,0.0457791
1629.0725,0.0460461
1629.5546,0.0463324
1630.0367,0.0466384
1630.5188,0.0469572
1631.001,0.0472795
1631.483,0.0475984
1631.9652,0.0479109
1632.4473,0.0482189
1632.9294,0.0485267
1633.4115,0.0488374
1633.8937,0.0491484
1634.3757,0.0494418
1634.8579,0.0496753
1635.34,0.0498027
1635.8221,0.0498364
1636.3042,0.0498498
1636.7864,0.049895
1637.2684,0.0499739
1637.7506,0.0500678
1638.2327,0.0501597
1638.7148,0.0502422
1639.1969,0.0503167
1639.6791,0.0503881
1640.1611,0.0504586
1640.6433,0.0505258
1641.1254,0.0505858
1641.6075,0.0506377
1642.0896,0.0506867
1642.5718,0.0507407
1643.0538,0.0508061
1643.536,0.0508837
1644.0181,0.0509702
1644.5002,0.0510596
1644.9823,0.0511426
1645.4645,0.0512026
1645.9465,0.0512121
1646.4287,0.0511423
1646.9108,0.0509851
1647.3929,0.0507663
1647.875,0.0505328
1648.3572,0.0503305
1648.8392,0.0501911
1649.3214,0.0501259
1649.8035,0.0501296
1650.2856,0.0501887
1650.7677,0.0502894
1651.2499,0.0504179
1651.7319,0.0505454
1652.2141,0.0505834
1652.6962,0.0503372
1653.1783,0.0497224
1653.6604,0.0490892
1654.1426,0.0487076
1654.6246,0.0485121
1655.1068,0.0483923
1655.5889,0.0482884
1656.071,0.0481745
1656.5531,0.048041
1657.0353,0.0478877
1657.5173,0.0477198
1657.9995,0.0475439
1658.4816,0.047366
1658.9637,0.0471915
1659.4458,0.047027
1659.928,0.0468795
1660.41,0.0467516
1660.8922,0.0466343
1661.3743,0.0465023
1661.8564,0.0463165
1662.3385,0.0460476
1662.8207,0.0457112
1663.3027,0.0453697
1663.7849,0.0450793
1664.267,0.0448523
1664.7491,0.0446685
1665.2312,0.0445041
1665.7134,0.0443483
1666.1954,0.0442052
1666.6776,0.0440839
1667.1597,0.0439856
1667.6418,0.0438952
1668.1239,0.0437823
1668.6061,0.0436154
1669.0881,0.04339
1669.5703,0.0431402
1670.0524,0.0429061
1670.5345,0.0426974
1671.0166,0.0425005
1671.4988,0.0423052
1671.9808,0.042118
1672.463,0.0419535
1672.9451,0.0418198
1673.4272,0.0417115
1673.9093,0.0416132
1674.3915,0.0415072
1674.8735,0.0413848
1675.3557,0.041259
1675.8378,0.0411539
1676.3199,0.041077
1676.802,0.0410169
1677.2842,0.0409621
1677.7662,0.0409074
1678.2484,0.0408531
1678.7305,0.0408004
1679.2126,0.04075
1679.6947,0.0407031
1680.1769,0.0406653
1680.6589,0.040647
1681.1411,0.0406586
1681.6232,0.0407072
1682.1053,0.0407986
1682.5874,0.0409452
1683.0696,0.0411711
1683.5516,0.0414972
1684.0338,0.0418711
1684.5159,0.0421374
1684.998,0.0422275
1685.4801,0.0422323
1685.9623,0.0422455
1686.4443,0.0423088
1686.9265,0.0424362
1687.4086,0.042631
1687.8907,0.0428913
1688.3728,0.0432097
1688.855,0.0435729
1689.337,0.0439639
1689.8192,0.0443666
1690.3013,0.0447736
1690.7834,0.0451912
1691.2655,0.0456388
1691.7477,0.0461364
1692.2297,0.0466892
1692.7119,0.0472814
1693.194,0.0478884
1693.6761,0.0485002
1694.1582,0.049147
1694.6404,0.0499216
1695.1224,0.0509767
1695.6046,0.0523953
1696.0867,0.0539596
1696.5688,0.055297
1697.0509,0.0562991
1697.5331,0.0570857
1698.0151,0.0577916
1698.4973,0.0585286
1698.9794,0.0594628
1699.4615,0.0609277
1699.9436,0.0632831
1700.4258,0.0660762
1700.9078,0.0682037
1701.39,0.069528
1701.8721,0.0705361
1702.3542,0.0715819
1702.8363,0.0728364
1703.3185,0.0743582
1703.8005,0.0761027
1704.2827,0.0779311
1704.7648,0.0796883
1705.2469,0.0813171
1705.729,0.0828813
1706.2112,0.0844649
1706.6932,0.086071
1707.1754,0.0876339
1707.6575,0.0891044
1708.1396,0.0904967
1708.6217,0.0918645
1709.1039,0.0932519
1709.5859,0.094662
1710.0681,0.0960602
1710.5502,0.0974109
1711.0323,0.0987106
1711.5144,0.0999845
1711.9966,0.101255
1712.4786,0.102524
1712.9608,0.103777
1713.4429,0.104996
1713.925,0.106171
1714.4071,0.107294
1714.8893,0.10836
1715.3713,0.10936
1715.8535,0.110287
1716.3356,0.111127
1716.8177,0.111838
1717.2998,0.112353
1717.782,0.112646
1718.264,0.112823
1718.7462,0.113064
1719.2283,0.113444
1719.7104,0.113924
1720.1925,0.114427
1720.6747,0.114875
1721.1567,0.115198
1721.6389,0.115338
1722.121,0.11525
1722.6031,0.114914
1723.0852,0.114342
1723.5674,0.113584
1724.0494,0.112708
1724.5316,0.111759
1725.0137,0.110731
1725.4958,0.109577
1725.9779,0.108252
1726.4601,0.106762
1726.9421,0.105174
1727.4243,0.103565
1727.9064,0.101956
1728.3885,0.100275
1728.8706,0.0983885
1729.3528,0.0961921
1729.8348,0.0937352
1730.317,0.0912551
1730.7991,0.0890284
1731.2813,0.087186
1731.7633,0.0856678
1732.2455,0.0842599
1732.7275,0.0825868
1733.2097,0.0801001
1733.6918,0.0764092
1734.174,0.0720809
1734.656,0.0683923
1735.1382,0.0658114
1735.6202,0.0639092
1736.1024,0.0621899
1736.5845,0.0604055
1737.0667,0.0585133
1737.5487,0.0565586
1738.0309,0.054556
1738.5129,0.052407
1738.9951,0.0499295
1739.4772,0.047059
1739.9594,0.0440536
1740.4414,0.0413363
1740.9236,0.0391072
1741.4056,0.0372436
1741.8878,0.0354774
1742.3699,0.0335754
1742.8521,0.0314522
1743.3341,0.0292145
1743.8163,0.0270769
1744.2983,0.0251866
1744.7805,0.023539
1745.2626,0.0220486
1745.7448,0.0206489
1746.2268,0.0193249
1746.709,0.0180884
1747.191,0.0169431
1747.6732,0.0158777
1748.1553,0.0148869
1748.6375,0.0139871
1749.1195,0.0131978
1749.6017,0.0125128
1750.0837,0.0118927
1750.5659,0.0112867
1751.048,0.0106703
1751.5302,0.0100668
1752.0122,0.00951835
1752.4944,0.00903833
1752.9764,0.0086067
1753.4586,0.0081975
1753.9407,0.00780075
1754.4229,0.00742611
1754.9049,0.00709426
1755.3871,0.00682386
1755.8691,0.00662023
1756.3513,0.00646977
1756.8334,0.00634205
1757.3156,0.00620101
1757.7976,0.00602102
1758.2798,0.00579703
1758.7618,0.00554339
1759.244,0.00528716
1759.7261,0.00506217
1760.2083,0.00490406
1760.6903,0.00483994
1761.1725,0.00486721
1761.6545,0.00493385
1762.1367,0.00495813
1762.6188,0.00488754
1763.101,0.00472795
1763.583,0.00451923
1764.0652,0.00430368
1764.5472,0.00411215
1765.0294,0.00396113
1765.5115,0.00385404
1765.9937,0.00378659
1766.4757,0.00375314
1766.9579,0.0037479
1767.4399,0.00375787
1767.9221,0.00375565
1768.4042,0.00370886
1768.8864,0.0036051
1769.3684,0.00346335
1769.8506,0.00332197
1770.3326,0.00322444
1770.8148,0.00321176
1771.2969,0.00330695
1771.7791,0.00347859
1772.2611,0.0036231
1772.7433,0.00364128
1773.2253,0.00353064
1773.7075,0.00335709
1774.1896,0.0031821
1774.6718,0.00303675
1775.1538,0.00292636
1775.636,0.00284009
1776.118,0.00276159
1776.6002,0.00268076
1777.0823,0.00260029
1777.5645,0.00253241
1778.0465,0.00249047
1778.5287,0.0024822
1779.0107,0.00250651
1779.4929,0.00255291
1779.975,0.00260311
1780.4572,0.00263573
1780.9392,0.00263465
1781.4214,0.00259677
1781.9034,0.00253294
1782.3856,0.00246202
1782.8677,0.00240358
1783.3499,0.00237212
1783.8319,0.0023717
1784.3141,0.00239122
1784.7961,0.00240632
1785.2783,0.00239238
1785.7604,0.00234005
1786.2426,0.00225809
1786.7246,0.00216387
1787.2068,0.00207289
1787.6888,0.00199421
1788.171,0.00193111
1788.6531,0.00188414
1789.1353,0.0018537
1789.6173,0.00184124
1790.0995,0.00184923
1790.5815,0.00188071
1791.0637,0.00193716
1791.5458,0.00201265
1792.028,0.00208631
1792.51,0.00212646
1792.9922,0.00211389
1793.4742,0.0020591
1793.9564,0.00199163
1794.4385,0.00193925
1794.9207,0.00191538
1795.4027,0.0019146
1795.8849,0.00191624
1796.3669,0.00189915
1796.8491,0.00185837
1797.3312,0.00180409
1797.8134,0.00174039
1798.2954,0.00164348
1798.7776,0.00146197
1799.2596,0.00115359
1799.7418,0.000744988
1800.2239,0.000356061
1800.7061,0.000146551
1801.1881,0.000224554
1801.6703,0.000583814
1802.1523,0.00109954
1802.6345,0.00158724
1803.1166,0.00189973
1803.5988,0.001997
1804.0808,0.00193972
1804.563,0.00182656
1805.045,0.00173117
1805.5272,0.00167474
1806.0093,0.00163772
1806.4915,0.00159247
1806.9735,0.00153084
1807.4557,0.00146829
1807.9377,0.00142741
1808.4199,0.00141919
1808.902,0.00143741
1809.3842,0.00146568
1809.8662,0.0014878
1810.3484,0.00149415
1810.8304,0.00148306
1811.3126,0.00145825
1811.7947,0.00142498
1812.2769,0.00138725
1812.7589,0.00134713
1813.2411,0.0013058
1813.7231,0.0012653
1814.2053,0.00122985
1814.6874,0.00120522
1815.1696,0.00119596
1815.6516,0.0012019
1816.1338,0.00121686
1816.6158,0.00123081
1817.098,0.00123497
1817.5801,0.00122635
1818.0623,0.00120854
1818.5443,0.00118833
1819.0265,0.00117141
1819.5085,0.00116013
1819.9907,0.00115377
1820.4728,0.00114949
1820.955,0.00114268
1821.437,0.0011278
1821.9192,0.0011009
1822.4012,0.00106322
1822.8834,0.00102304
1823.3655,0.000993622
1823.8477,0.000987606
1824.3297,0.00100863
1824.8119,0.00104363
1825.2939,0.00106507
1825.7761,0.00104927
1826.2582,0.000995275
1826.7404,0.000923802
1827.2224,0.000862677
1827.7046,0.000836092
1828.1866,0.000859864
1828.6688,0.00093553
1829.1509,0.00104064
1829.6331,0.0011281
1830.1151,0.00115297
1830.5973,0.00110794
1831.0793,0.00102298
1831.5615,0.000936334
1832.0436,0.000873843
1832.5258,0.000844427
1833.0078,0.000842469
1833.49,0.000853177
1833.972,0.000861128
1834.4542,0.000858754
1834.9363,0.000848815
1835.4185,0.000839427
1835.9005,0.000836243
1836.3827,0.000837316
1836.8647,0.00083369
1837.3469,0.000815475
1837.829,0.000779153
1838.3112,0.000730252
1838.7932,0.000679556
1839.2754,0.000636646
1839.7574,0.000605401
1840.2396,0.000583657
1840.7217,0.000566811
1841.2039,0.00055319
1841.6859,0.000547528
1842.1681,0.000560383
1842.6501,0.0006039
1843.1323,0.00068365
1843.6144,0.000786283
1844.0966,0.000874306
1844.5786,0.000909486
1845.0608,0.000887464
1845.5428,0.00083468
1846.025,0.000779126
1846.5071,0.000734311
1846.9893,0.000699456
1847.4713,0.000665691
1847.9535,0.000624666
1848.4355,0.000576228
1848.9177,0.000529107
1849.3998,0.000494035
1849.882,0.000476155
1850.364,0.000472252
1850.8462,0.00047321
1851.3282,0.000469535
1851.8104,0.000456661
1852.2925,0.000436749
1852.7747,0.000416157
1853.2567,0.000400844
1853.7389,0.000392859
1854.2209,0.000389726
1854.7031,0.000386613
1855.1852,0.000379694
1855.6674,0.000368705
1856.1494,0.000357251
1856.6316,0.000350713
1857.1136,0.000352921
1857.5958,0.000363535
1858.0779,0.000377813
1858.5601,0.000389031
1859.0421,0.000392039
1859.5243,0.00038558
1860.0063,0.000371954
1860.4885,0.000354706
1860.9706,0.000336342
1861.4528,0.000317671
1861.9348,0.000298797
1862.417,0.00028043
1862.899,0.000264193
1863.3812,0.000251765
1863.8633,0.00024384
1864.3455,0.000239924
1864.8275,0.000239052
1865.3097,0.000240741
1865.7917,0.000245532
1866.2739,0.000255007
1866.756,0.000271487
1867.2382,0.000297344
1867.7202,0.000333257
1868.2024,0.000375109
1868.6844,0.00041158
1869.1666,0.00042714
1869.6487,0.000411578
1870.1309,0.000367819
1870.6129,0.000310208
1871.0951,0.000256587
1871.5771,0.000221126
1872.0593,0.000210011
1872.5414,0.000219716
1873.0236,0.000238748
1873.5056,0.000253288
1873.9878,0.000254023
1874.4698,0.000239828
1874.952,0.000216508
1875.4341,0.000192494
1875.9163,0.000174596
1876.3983,0.000165817
1876.8805,0.000165499
1877.3625,0.000170755
1877.8447,0.000177935
1878.3268,0.000183619
1878.809,0.000185244
1879.291,0.000181619
1879.7732,0.000173186
1880.2552,0.000161816
1880.7374,0.000150088
1881.2195,0.000140379
1881.7017,0.000135416
1882.1837,0.000134821
1882.6659,0.000138191
1883.1479,0.000144754
1883.6301,0.000153119
1884.1122,0.000161229
1884.5944,0.00016678
1885.0764,0.000168339
1885.5586,0.000166782
1886.0406,0.000165929
1886.5228,0.000171398
1887.0049,0.000187921
1887.4871,0.000216537
1887.9691,0.000253002
1888.4513,0.000288222
1888.9333,0.000311482
1889.4155,0.000316167
1889.8976,0.000304108
1890.3798,0.000283479
1890.8618,0.000261854
1891.344,0.000241724
1891.826,0.000221907
1892.3082,0.000202178
1892.7903,0.000186781
1893.2725,0.000183826
1893.7545,0.000200338
1894.2367,0.000236141
1894.7188,0.000281362
1895.2009,0.000320425
1895.683,0.000340589
1896.1652,0.000338825
1896.6472,0.000321851
1897.1294,0.000300428
1897.6115,0.000283276
1898.0936,0.000274468
1898.5757,0.000274351
1899.0579,0.000281649
1899.5399,0.000294312
1900.0221,0.000308578
1900.5042,0.000317972
1900.9863,0.000314556
1901.4684,0.000292915
1901.9506,0.000254665
1902.4326,0.000209984
1902.9148,0.000174296
1903.3969,0.00016132
1903.879,0.000175998
1904.3611,0.000211256
1904.8433,0.000250822
1905.3253,0.000277028
1905.8075,0.000279642
1906.2896,0.000261344
1906.7717,0.000237174
1907.2538,0.000227816
1907.736,0.000249461
1908.218,0.00030509
1908.7002,0.000381947
1909.1823,0.000456963
1909.6644,0.000507695
1910.1465,0.000522834
1910.6287,0.000506057
1911.1107,0.00047131
1911.5929,0.000433733
1912.075,0.000402711
1912.5571,0.000380347
1913.0392,0.000364157
1913.5214,0.000350881
1914.0034,0.000339115
1914.4856,0.000330206
1914.9677,0.000327895
1915.4498,0.000337315
1915.9319,0.000363267
1916.4141,0.000407172
1916.8961,0.0004627
1917.3783,0.00051292
1917.8604,0.000535208
1918.3425,0.000515947
1918.8246,0.000462804
1919.3068,0.000400467
1919.7888,0.000355222
1920.271,0.000343179
1920.7531,0.000366741
1921.2352,0.000416114
1921.7173,0.00047363
1922.1995,0.000520552
1922.6815,0.000544663
1923.1637,0.000544479
1923.6458,0.000527278
1924.1279,0.000503304
1924.61,0.00048104
1925.0922,0.000465649
1925.5742,0.000459372
1926.0564,0.000462225
1926.5385,0.000472543
1927.0206,0.000487711
1927.5027,0.000505134
1927.9849,0.000522962
1928.4669,0.000540132
1928.9491,0.000555958
1929.4312,0.000569813
1929.9133,0.000581124
1930.3954,0.000589377
1930.8776,0.000593884
1931.3596,0.000593588
1931.8418,0.000587663
1932.3239,0.000577082
1932.806,0.000566151
1933.2881,0.000562228
1933.7703,0.000572696
1934.2523,0.000600435
1934.7345,0.000640786
1935.2166,0.000682558
1935.6987,0.000713181
1936.1808,0.000725217
1936.663,0.000720107
1937.145,0.000706619
1937.6272,0.000695183
1938.1093,0.000692075
1938.5914,0.000697305
1939.0735,0.000707199
1939.5557,0.000719183
1940.0377,0.000734718
1940.5199,0.000758181
1941.002,0.000792753
1941.4841,0.000836225
1941.9662,0.000879762
1942.4484,0.000911912
1942.9304,0.000926021
1943.4126,0.000924233
1943.8947,0.000913878
1944.3768,0.000900758
1944.8589,0.0008857
1945.3411,0.000866141
1945.8231,0.000840664
1946.3053,0.000812907
1946.7874,0.000791351
1947.2695,0.000784697
1947.7516,0.000796388
1948.2338,0.000822293
1948.7158,0.000852803
1949.198,0.00087788
1949.6801,0.000892047
1950.1622,0.000896361
1950.6443,0.00089646
1951.1265,0.000898431
1951.6085,0.000905468
1952.0907,0.000917131
1952.5728,0.000930951
1953.0549,0.000944573
1953.537,0.000956758
1954.0192,0.000966888
1954.5012,0.000973922
1954.9834,0.000976122
1955.4655,0.000971952
1955.9476,0.000961515
1956.4297,0.000947365
1956.9119,0.000934118
1957.3939,0.000927016
1957.8761,0.000930093
1958.3582,0.000944543
1958.8403,0.000967814
1959.3224,0.000993943
1959.8046,0.00101549
1960.2866,0.00102671
1960.7688,0.0010267
1961.2509,0.00102028
1961.733,0.00101544
1962.2151,0.00101834
1962.6973,0.00102929
1963.1793,0.00104302
1963.6615,0.00105369
1964.1436,0.00106112
1964.6257,0.00107324
1965.1078,0.00110187
1965.59,0.00115391
1966.072,0.00122337
1966.5542,0.00129044
1967.0363,0.00133026
1967.5184,0.0013276
1968.0005,0.00128686
1968.4827,0.00122943
1968.9647,0.00118079
1969.4469,0.00115709
1969.929,0.00115863
1970.4111,0.00117221
1970.8932,0.0011801
1971.3754,0.00117074
1971.8574,0.00114521
1972.3396,0.00111592
1972.8217,0.00109885
1973.3038,0.00110436
1973.7859,0.00113195
1974.2681,0.00117158
1974.7501,0.00121017
1975.2323,0.00123879
1975.7144,0.00125598
1976.1965,0.00126582
1976.6786,0.00127314
1977.1608,0.00127993
1977.6428,0.00128561
1978.125,0.00128984
1978.6071,0.00129486
1979.0892,0.00130468
1979.5713,0.00132164
1980.0535,0.00134357
1980.5355,0.00136406
1981.0177,0.00137601
1981.4998,0.00137564
1981.9819,0.00136417
1982.464,0.00134644
1982.9462,0.00132805
1983.4282,0.00131327
1983.9104,0.00130448
1984.3925,0.00130231
1984.8746,0.00130571
1985.3567,0.00131206
1985.8389,0.00131827
1986.3209,0.00132284
1986.8031,0.00132741
1987.2852,0.0013359
1987.7673,0.00135135
1988.2494,0.00137271
1988.7316,0.00139494
1989.2136,0.00141306
1989.6958,0.00142677
1990.1779,0.0014412
1990.66,0.00146262
1991.1421,0.00149197
1991.6243,0.00152107
1992.1063,0.00153601
1992.5885,0.00152683
1993.0706,0.00149515
1993.5527,0.00145327
1994.0348,0.00141649
1994.517,0.0013956
1994.999,0.0013938
1995.4812,0.00140828
1995.9633,0.00143394
1996.4454,0.00146625
1996.9275,0.00150143
1997.4097,0.00153516
1997.8917,0.00156228
1998.3739,0.00157861
1998.856,0.00158352
1999.3381,0.00158078
1999.8202,0.00157663
2000.3024,0.00157638
2000.7844,0.00158208
2001.2666,0.00159227
2001.7487,0.00160365
2002.2308,0.00161293
2002.7129,0.00161829
2003.1951,0.00161997
2003.6771,0.00162045
2004.1593,0.00162355
2004.6414,0.00163258
2005.1235,0.00164812
2005.6056,0.00166691
2006.0878,0.00168336
2006.5698,0.00169288
2007.052,0.00169512
2007.5341,0.00169433
2008.0162,0.00169661
2008.4983,0.00170594
2008.9805,0.00172183
2009.4625,0.00174005
2009.9447,0.00175533
2010.4268,0.00176402
2010.9089,0.00176521
2011.391,0.00176036
2011.8732,0.00175281
2012.3552,0.00174713
2012.8374,0.00174831
2013.3195,0.00176013
2013.8016,0.00178357
2014.2837,0.00181653
2014.7659,0.00185532
2015.2479,0.0018967
2015.7301,0.00193866
2016.2122,0.00197916
2016.6943,0.00201431
2017.1764,0.00203842
2017.6586,0.00204671
2018.1406,0.00203871
2018.6228,0.00201943
2019.1049,0.00199705
2019.587,0.00197898
2020.0691,0.00196926
2020.5513,0.00196879
2021.0333,0.0019775
2021.5155,0.00199562
2021.9976,0.00202261
2022.4797,0.00205471
2022.9618,0.00208437
2023.444,0.00210326
2023.926,0.00210751
2024.4082,0.00210111
2024.8903,0.00209421
2025.3724,0.00209709
2025.8545,0.00211359
2026.3367,0.00213865
2026.8187,0.00216147
2027.3009,0.00217218
2027.783,0.00216754
2028.2651,0.00215239
2028.7472,0.00213657
2029.2294,0.00212971
2029.7114,0.00213703
2030.1936,0.002158
2030.6757,0.00218805
2031.1578,0.002222
2031.6399,0.00225715
2032.1221,0.00229424
2032.6041,0.00233565
2033.0863,0.00238187
2033.5684,0.00242869
2034.0505,0.00246776
2034.5326,0.00249079
2035.0148,0.00249526
2035.4968,0.0024873
2035.979,0.00247901
2036.4611,0.00248139
2036.9432,0.00249729
2037.4253,0.00251948
2037.9075,0.00253567
2038.3895,0.00253707
2038.8717,0.00252455
2039.3538,0.00250832
2039.8359,0.00250168
2040.318,0.00251335
2040.8002,0.00254321
2041.2822,0.00258352
2041.7644,0.00262394
2042.2465,0.00265647
2042.7286,0.00267761
2043.2107,0.00268748
2043.6929,0.00268828
2044.1749,0.00268348
2044.6571,0.00267777
2045.1392,0.00267653
2045.6213,0.00268413
2046.1034,0.00270169
2046.5856,0.00272583
2047.0676,0.00274971
2047.5498,0.00276611
2048.032,0.00277143
2048.5139,0.00276826
2048.9961,0.002765
2049.4783,0.00277218
2049.9604,0.00279706
2050.4424,0.00283924
2050.9246,0.00289013
2051.4067,0.0029368
2051.8889,0.00296831
2052.3708,0.00298051
2052.853,0.00297663
2053.3352,0.0029637
2053.8174,0.00294794
2054.2993,0.00293273
2054.7815,0.00291998
2055.2637,0.00291292
2055.7458,0.0029166
2056.2278,0.00293489
2056.71,0.00296632
2057.1921,0.00300271
2057.6743,0.00303277
2058.1563,0.00304891
2058.6384,0.0030523
2059.1206,0.00305232
2059.6028,0.00306037
2060.0847,0.00308206
2060.5669,0.00311316
2061.0491,0.00314185
2061.5313,0.00315597
2062.0132,0.0031505
2062.4954,0.00313072
2062.9775,0.0031097
2063.4597,0.0031017
2063.9417,0.00311511
2064.4238,0.00314825
2064.906,0.00319007
2065.3882,0.00322555
2065.8701,0.00324315
2066.3523,0.00323986
2066.8345,0.00322166
2067.3167,0.00319943
2067.7986,0.00318328
2068.2808,0.00317822
2068.7629,0.00318315
2069.2451,0.00319312
2069.7271,0.00320301
2070.2092,0.00321033
2070.6914,0.00321566
2071.1736,0.00322105
2071.6555,0.00322791
2072.1377,0.00323602
2072.6199,0.00324431
2073.1021,0.00325279
2073.584,0.00326402
2074.0662,0.00328249
2074.5483,0.00331177
2075.0305,0.00335094
2075.5125,0.00339279
2075.9946,0.00342572
2076.4768,0.00343909
2076.959,0.00342912
2077.4409,0.00340177
2077.9231,0.00337038
2078.4053,0.00334911
2078.8875,0.00334613
2079.3694,0.00336061
2079.8516,0.00338468
2080.3337,0.00340869
2080.8159,0.00342619
2081.2979,0.003436
2081.78,0.00344103
2082.2622,0.00344552
2082.7444,0.00345272
2083.2263,0.00346387
2083.7085,0.00347838
2084.1907,0.00349418
2084.6729,0.00350818
2085.1548,0.00351698
2085.637,0.00351817
2086.1191,0.00351173
2086.6013,0.00350068
2087.0833,0.0034901
2087.5654,0.00348473
2088.0476,0.00348642
2088.5298,0.00349311
2089.0117,0.00350018
2089.4939,0.0035033
2089.9761,0.00350129
2090.4583,0.0034969
2090.9402,0.00349514
2091.4224,0.00350015
2091.9045,0.00351291
2092.3867,0.00353109
2092.8687,0.00355082
2093.3508,0.00356895
2093.833,0.00358408
2094.3152,0.0035961
2094.7971,0.00360508
2095.2793,0.00361087
2095.7615,0.00361365
2096.2437,0.00361478
2096.7256,0.00361646
2097.2078,0.00362025
2097.6899,0.00362547
2098.1721,0.00362928
2098.6541,0.00362858
2099.1362,0.0036227
2099.6184,0.00361432
2100.1006,0.00360795
2100.5825,0.00360687
2101.0647,0.00361108
2101.5469,0.00361794
2102.0291,0.00362488
2102.511,0.00363187
2102.9932,0.0036414
2103.4753,0.00365584
2103.9575,0.00367434
2104.4395,0.00369197
2104.9216,0.00370193
2105.4038,0.00369963
2105.886,0.00368564
2106.3679,0.00366554
2106.8501,0.00364671
2107.3323,0.0036341
2107.8145,0.00362773
2108.2964,0.0036233
2108.7786,0.00361548
2109.2607,0.00360172
2109.7429,0.00358443
2110.2249,0.0035702
2110.707,0.00356653
2111.1892,0.00357807
2111.6714,0.00360422
2112.1533,0.00363952
2112.6355,0.00367612
2113.1177,0.00370679
2113.5999,0.00372679
2114.0818,0.0037342
2114.564,0.00372935
2115.0461,0.00371439
2115.5283,0.00369332
2116.0103,0.00367179
2116.4924,0.0036559
2116.9746,0.00364998
2117.4568,0.00365454
2117.9387,0.00366592
2118.4209,0.00367816
2118.9031,0.00368617
2119.3853,0.00368816
2119.8672,0.00368594
2120.3494,0.00368294
2120.8315,0.00368174
2121.3137,0.00368267
2121.7957,0.00368444
2122.2778,0.00368597
2122.76,0.00368777
2123.2422,0.00369163
2123.7241,0.00369881
2124.2063,0.00370816
2124.6885,0.00371569
2125.1707,0.00371652
2125.6526,0.00370796
2126.1348,0.00369176
2126.6169,0.00367359
2127.0991,0.00365966
2127.5811,0.00365284
2128.0632,0.00365093
2128.5454,0.00364886
2129.0276,0.00364329
2129.5095,0.00363618
2129.9917,0.00363409
2130.4739,0.00364328
2130.9561,0.00366423
2131.438,0.00368996
2131.9202,0.00371005
2132.4023,0.00371763
2132.8845,0.0037141
2133.3665,0.00370783
2133.8486,0.00370775
2134.3308,0.00371684
2134.813,0.00373038
2135.2949,0.00374016
2135.7771,0.00374082
2136.2593,0.0037334
2136.7415,0.00372344
2137.2234,0.00371588
2137.7056,0.00371135
2138.1877,0.00370684
2138.6699,0.00369999
2139.1519,0.00369271
2139.634,0.00369101
2140.1162,0.00370055
2140.5984,0.00372144
2141.0803,0.00374603
2141.5625,0.00376178
2142.0447,0.00375761
2142.5269,0.00373027
2143.0088,0.00368711
2143.491,0.00364378
2143.9731,0.00361777
2144.4553,0.00362061
2144.9373,0.00365255
2145.4194,0.00370182
2145.9016,0.00374919
2146.3838,0.00377554
2146.8657,0.00376911
2147.3479,0.00372933
2147.8301,0.00366624
2148.3123,0.00359608
2148.7942,0.00353524
2149.2764,0.00349477
2149.7585,0.00347728
2150.2407,0.00347715
2150.7227,0.00348402
2151.2048,0.00348809
2151.687,0.0034846
2152.1692,0.00347533
2152.6511,0.00346654
2153.1333,0.0034653
2153.6155,0.00347661
2154.0977,0.00350265
2154.5796,0.00354296
2155.0618,0.00359422
2155.5439,0.00364926
2156.0261,0.00369719
2156.5081,0.00372583
2156.9902,0.0037254
2157.4724,0.00369004
2157.9546,0.00361546
2158.4365,0.00349546
2158.9187,0.00332366
2159.4009,0.00310345
2159.8831,0.00286135
2160.365,0.00265159
2160.8472,0.00254205
2161.3293,0.00258388
2161.8115,0.00278103
2162.2935,0.0030806
2162.7756,0.00339331
2163.2578,0.00363407
2163.74,0.00375825
2164.2219,0.00377336
2164.7041,0.00372245
2165.1863,0.00365403
2165.6685,0.0035985
2166.1504,0.0035627
2166.6326,0.00353969
2167.1147,0.00352161
2167.5969,0.00350597
2168.0789,0.00349404
2168.561,0.00348702
2169.0432,0.00348488
2169.5254,0.00348774
2170.0073,0.00349651
2170.4895,0.00351048
2170.9717,0.00352419
2171.4539,0.00352778
2171.9358,0.00351239
2172.418,0.00347728
2172.9001,0.00343268
2173.3823,0.00339545
2173.8643,0.00337976
2174.3464,0.00338923
2174.8286,0.00341569
2175.3108,0.00344482
2175.7927,0.0034644
2176.2749,0.00346989
2176.7571,0.00346471
2177.2393,0.0034563
2177.7212,0.00345151
2178.2034,0.00345366
2178.6855,0.00346226
2179.1677,0.0034743
2179.6497,0.00348593
2180.1318,0.00349371
2180.614,0.00349519
2181.0962,0.00348881
2181.5781,0.00347358
2182.0603,0.00344883
2182.5425,0.00341466
2183.0247,0.00337304
2183.5066,0.00332867
2183.9888,0.00328837
2184.4709,0.00325881
2184.9531,0.00324328
2185.4351,0.00323983
2185.9172,0.00324209
2186.3994,0.00324284
2186.8816,0.00323814
2187.3635,0.0032295
2187.8457,0.0032225
2188.3279,0.00322288
2188.8101,0.00323247
2189.292,0.00324771
2189.7742,0.00326163
2190.2563,0.00326812
2190.7385,0.0032657
2191.2205,0.00325825
2191.7026,0.0032522
2192.1848,0.00325186
2192.667,0.00325628
2193.1489,0.00325976
2193.6311,0.00325582
2194.1133,0.003242
2194.5955,0.00322171
2195.0774,0.00320188
2195.5596,0.00318799
2196.0417,0.00318035
2196.5239,0.00317453
2197.0059,0.00316558
2197.488,0.00315243
2197.9702,0.00313882
2198.4524,0.00312971
2198.9343,0.00312601
2199.4165,0.00312227
2199.8987,0.0031096
2200.3809,0.00308242
2200.8628,0.00304408
2201.345,0.00300687
2201.8271,0.00298578
2202.3093,0.00298952
2202.7913,0.00301455
2203.2734,0.00304614
2203.7556,0.00306614
2204.2378,0.003063
2204.7197,0.00303795
2205.2019,0.00300376
2205.6841,0.00297684
2206.1663,0.00296771
2206.6482,0.00297569
2207.1304,0.00299079
2207.6125,0.0030012
2208.0947,0.00300095
2208.5767,0.00299276
2209.0588,0.00298458
2209.541,0.00298281
2210.0232,0.00298732
2210.5051,0.00299168
2210.9873,0.00298795
2211.4695,0.00297227
2211.9517,0.00294708
2212.4336,0.00291899
2212.9158,0.00289416
2213.3979,0.00287471
2213.8801,0.00285852
2214.3621,0.00284194
2214.8442,0.00282332
2215.3264,0.00280484
2215.8086,0.00279172
2216.2905,0.00278931
2216.7727,0.00279989
2217.2549,0.00282092
2217.7371,0.00284571
2218.219,0.00286616
2218.7012,0.00287602
2219.1833,0.00287289
2219.6655,0.00285789
2220.1475,0.00283369
2220.6296,0.00280274
2221.1118,0.0027672
2221.594,0.00273042
2222.0759,0.002698
2222.5581,0.0026763
2223.0403,0.00266858
2223.5225,0.00267147
2224.0044,0.00267507
2224.4866,0.00266794
2224.9688,0.00264398
2225.4509,0.00260669
2225.9329,0.00256746
2226.415,0.00253895
2226.8972,0.00252828
2227.3794,0.00253445
2227.8613,0.00255106
2228.3435,0.00257119
2228.8257,0.00259044
2229.3079,0.00260647
2229.7898,0.00261688
2230.272,0.0026186
2230.7542,0.00260991
2231.2363,0.00259292
2231.7183,0.0025736
2232.2004,0.00255826
2232.6826,0.0025493
2233.1648,0.00254394
2233.6467,0.00253746
2234.1289,0.00252846
2234.6111,0.00252127
2235.0933,0.00252304
2235.5752,0.00253724
2236.0574,0.00255897
2236.5396,0.00257617
2237.0217,0.00257652
2237.5037,0.00255523
2237.9858,0.00251811
2238.468,0.00247809
2238.9502,0.00244786
2239.4321,0.00243387
2239.9143,0.00243506
2240.3965,0.00244575
2240.8787,0.0024594
2241.3606,0.00247036
2241.8428,0.0024736
2242.325,0.00246458
2242.8071,0.00244116
2243.2891,0.0024066
2243.7712,0.00237091
2244.2534,0.00234782
2244.7356,0.00234805
2245.2175,0.00237271
2245.6997,0.00241146
2246.1819,0.00244696
2246.6641,0.0024634
2247.146,0.00245394
2247.6282,0.00242309
2248.1104,0.00238303
2248.5925,0.00234709
2249.0745,0.00232386
2249.5566,0.00231491
2250.0388,0.0023159
2250.521,0.00231971
2251.0029,0.00231975
2251.4851,0.00231248
2251.9673,0.00229864
2252.4495,0.0022829
2252.9314,0.00227177
2253.4136,0.00227054
2253.8958,0.00228039
2254.3779,0.00229752
2254.8599,0.0023148
2255.342,0.00232512
2255.8242,0.00232449
2256.3064,0.00231331
2256.7883,0.00229538
2257.2705,0.00227572
2257.7527,0.00225835
2258.2349,0.002245
2258.7168,0.00223491
2259.199,0.00222529
2259.6812,0.00221264
2260.1633,0.0021946
2260.6453,0.00217182
2261.1274,0.00214897
2261.6096,0.0021336
2262.0918,0.00213287
2262.5737,0.00214933
2263.0559,0.00217791
2263.5381,0.00220632
2264.0203,0.00221945
2264.5022,0.00220638
2264.9844,0.00216665
2265.4666,0.00211198
2265.9487,0.00206185
2266.4307,0.00203443
2266.9128,0.00203743
2267.395,0.00206434
2267.8772,0.00209855
2268.3591,0.00212304
2268.8413,0.00212977
2269.3235,0.0021227
2269.8057,0.00211295
2270.2876,0.00210994
2270.7698,0.0021149
2271.252,0.00212116
2271.7341,0.00212022
2272.2161,0.0021084
2272.6982,0.00208903
2273.1804,0.00206899
2273.6626,0.002053
2274.1445,0.00204037
2274.6267,0.00202647
2275.1089,0.00200698
2275.5911,0.00198154
2276.073,0.00195397
2276.5552,0.00192995
2277.0374,0.00191446
2277.5195,0.00191068
2278.0015,0.00192019
2278.4836,0.00194276
2278.9658,0.00197505
2279.448,0.0020095
2279.9299,0.00203529
2280.4121,0.00204222
2280.8943,0.00202562
2281.3765,0.00198919
2281.8584,0.00194365
2282.3406,0.00190203
2282.8228,0.00187464
2283.3049,0.00186657
2283.7869,0.00187834
2284.269,0.00190771
2284.7512,0.00195054
2285.2334,0.00199994
2285.7153,0.00204545
2286.1975,0.00207439
2286.6797,0.00207608
2287.1619,0.00204714
2287.6438,0.00199448
2288.126,0.00193375
2288.6082,0.00188361
2289.0903,0.00185863
2289.5723,0.00186424
2290.0544,0.00189566
2290.5366,0.00194055
2291.0188,0.00198386
2291.5007,0.00201298
2291.9829,0.00202189
2292.4651,0.00201333
2292.9473,0.00199785
2293.4292,0.00198924
2293.9114,0.00199768
2294.3936,0.00202385
2294.8757,0.00205773
2295.3577,0.00208347
2295.8398,0.00208769
2296.322,0.00206651
2296.8042,0.00202732
2297.2861,0.00198388
2297.7683,0.00194822
2298.2505,0.00192455
2298.7327,0.00190916
2299.2146,0.00189581
2299.6968,0.00188249
2300.179,0.0018748
2300.6611,0.00188334
2301.1431,0.00191651
2301.6252,0.00197358
2302.1074,0.002043
2302.5896,0.00210734
2303.0715,0.00215155
2303.5537,0.00216918
2304.0359,0.0021628
2304.5181,0.0021391
2305,0.00210308
2305.4822,0.00205631
2305.9644,0.00200076
2306.4465,0.00194507
2306.9285,0.00190689
2307.4106,0.00190734
2307.8928,0.00195932
2308.375,0.00205721
2308.8569,0.00217523
2309.3391,0.00227666
2309.8213,0.00232951
2310.3035,0.00232022
2310.7854,0.00225841
2311.2676,0.002171
2311.7498,0.00208987
2312.2319,0.00203989
2312.7139,0.00203198
2313.196,0.00206254
2313.6782,0.00211761
2314.1604,0.00217915
2314.6423,0.00223122
2315.1245,0.00226471
2315.6067,0.00227982
2316.0889,0.00228554
2316.5708,0.0022958
2317.053,0.00232239
2317.5352,0.0023667
2318.0173,0.0024146
2318.4993,0.00243872
2318.9814,0.00240948
2319.4636,0.00231116
2319.9458,0.00215482
2320.4277,0.0019795
2320.9099,0.00183802
2321.3921,0.00177443
2321.8743,0.00180643
2322.3562,0.00192162
2322.8384,0.0020849
2323.3206,0.00224825
2323.8027,0.00235944
2324.2847,0.00237307
2324.7668,0.00226694
2325.249,0.0020582
2325.7312,0.00180706
2326.2131,0.00159864
2326.6953,0.00150482
2327.1775,0.00154223
2327.6597,0.00165471
2328.1416,0.00174273
2328.6238,0.00172883
2329.106,0.00161242
2329.5881,0.00147063
2330.0701,0.0014027
2330.5522,0.00145836
2331.0344,0.00160296
2331.5166,0.00174387
2331.9985,0.00179691
2332.4807,0.00174471
2332.9629,0.00164523
2333.4451,0.00158282
2333.927,0.00160011
2334.4092,0.00166499
2334.8914,0.00169202
2335.3735,0.00159868
2335.8555,0.00136869
2336.3376,0.00108774
2336.8198,0.000907318
2337.302,0.000940075
2337.7839,0.00117531
2338.2661,0.00148908
2338.7483,0.00172223
2339.2305,0.00176201
2339.7124,0.00159317
2340.1946,0.00130342
2340.6768,0.00103265
2341.1589,0.000887074
2341.6409,0.000880923
2342.123,0.000949574
2342.6052,0.00100977
2343.0874,0.00101314
2343.5693,0.000965412
2344.0515,0.000914812
2344.5337,0.00092692
2345.0159,0.00105854
2345.4978,0.00132669
2345.98,0.00167762
2346.4622,0.00199883
2346.9443,0.00219233
2347.4263,0.00223292
2347.9084,0.00215416
2348.3906,0.00200432
2348.8728,0.00181948
2349.3547,0.00161742
2349.8369,0.00140229
2350.3191,0.00117683
2350.8013,0.000962835
2351.2832,0.000818874
2351.7654,0.000827236
2352.2476,0.00103793
2352.7297,0.00140596
2353.2117,0.00177087
2353.6938,0.00190537
2354.176,0.0016279
2354.6582,0.00091005
2355.1401,-0.000103624
2355.6223,-0.00115076
2356.1045,-0.00192364
2356.5867,-0.0021687
2357.0686,-0.00182442
2357.5508,-0.00108326
2358.033,-0.000281276
2358.5151,0.000273473
2358.9971,0.000408537
2359.4792,0.000143562
2359.9614,-0.000304373
2360.4436,-0.000631953
2360.9255,-0.000647895
2361.4077,-0.000399733
2361.8899,-0.000131522
2362.3721,-0.000116617
2362.854,-0.00047267
2363.3362,-0.00107413
2363.8184,-0.00163257
2364.3005,-0.00189116
2364.7825,-0.00177817
2365.2646,-0.00140898
2365.7468,-0.000963503
2366.229,-0.000553008
2366.7109,-0.000172223
2367.1931,0.000247571
2367.6753,0.000745588
2368.1575,0.0012796
2368.6394,0.00175083
2369.1216,0.0020758
2369.6038,0.00224239
2370.0859,0.00230749
2370.5679,0.00234451
2371.05,0.00238675
2371.5322,0.00241022
2372.0144,0.00236409
2372.4963,0.00222028
2372.9785,0.00200334
2373.4607,0.00178041
2373.9429,0.00162258
2374.4248,0.00156644
2374.907,0.00160032
2375.3892,0.00167919
2375.8713,0.00175353
2376.3533,0.00179208
2376.8354,0.0017876
2377.3176,0.00174881
2377.7998,0.00168881
2378.2817,0.00161883
2378.7639,0.00154834
2379.2461,0.001487
2379.7283,0.00144393
2380.2102,0.00142417
2380.6924,0.00142551
2381.1746,0.00143911
2381.6567,0.00145371
2382.1387,0.0014603
2382.6208,0.00145414
2383.103,0.00143348
2383.5852,0.00139719
2384.0671,0.0013441
2384.5493,0.00127464
2385.0315,0.00119343
2385.5137,0.00111006
2385.9956,0.00103697
2386.4778,0.000985137
2386.96,0.000959803
2387.4421,0.000958309
2387.9241,0.00097102
2388.4063,0.000984895
2388.8884,0.000988376
2389.3706,0.000975848
2389.8525,0.000949777
2390.3347,0.000919296
2390.8169,0.000895492
2391.2991,0.000885662
2391.781,0.000889767
2392.2632,0.000901252
2392.7454,0.000911542
2393.2275,0.000915062
2393.7095,0.000911416
2394.1917,0.000903776
2394.6738,0.000895481
2395.156,0.000887875
2395.6379,0.000880768
2396.1201,0.000874303
2396.6023,0.000869918
2397.0845,0.000869416
2397.5664,0.000873317
2398.0486,0.000880431
2398.5308,0.000889155
2399.0129,0.000899007
2399.4949,0.000910391
2399.9771,0.000922448
2400.4592,0.000931019
2400.9414,0.000929252
2401.4233,0.000911299
2401.9055,0.000876798
2402.3877,0.000832797
2402.8699,0.000791508
2403.3518,0.000765105
2403.834,0.000760639
2404.3162,0.000777567
2404.7983,0.000808537
2405.2803,0.000842428
2405.7625,0.000868245
2406.2446,0.000878805
2406.7268,0.000873333
2407.2087,0.000857935
2407.6909,0.00084322
2408.1731,0.000839536
2408.6553,0.000851963
2409.1372,0.000877771
2409.6194,0.000907872
2410.1016,0.000931386
2410.5837,0.000940615
2411.0657,0.000933731
2411.5479,0.000914267
2412.03,0.000888448
2412.5122,0.00086233
2412.9941,0.000840097
2413.4763,0.000823727
2413.9585,0.00081339
2414.4407,0.000807939
2414.9226,0.000805307
2415.4048,0.000803027
2415.887,0.000799121
2416.3691,0.000793278
2416.8511,0.00078772
2417.3333,0.000786917
2417.8154,0.000795597
2418.2976,0.000815619
2418.7795,0.000843457
2419.2617,0.000870409
2419.7439,0.000886331
2420.2261,0.000885281
2420.708,0.000869547
2421.1902,0.000849021
2421.6724,0.000835816
2422.1545,0.000837353
2422.6365,0.000852422
2423.1187,0.000872611
2423.6008,0.000887709
2424.083,0.000891116
2424.5649,0.000881926
2425.0471,0.000863378
2425.5293,0.000840068
2426.0115,0.00081652
2426.4934,0.000797613
2426.9756,0.000789063
2427.4578,0.000796033
2427.9399,0.000819879
2428.4219,0.000855345
2428.9041,0.000890896
2429.3862,0.000912994
2429.8684,0.000912286
2430.3503,0.000888161
2430.8325,0.000848928
2431.3147,0.000807392
2431.7969,0.000774286
2432.2788,0.000753201
2432.761,0.000739817
2433.2432,0.000725814
2433.7253,0.000705165
2434.2073,0.000679005
2434.6895,0.000655942
2435.1716,0.000647327
2435.6538,0.000660224
2436.1357,0.000692481
2436.6179,0.000733117
2437.1001,0.000767835
2437.5823,0.000786106
2438.0642,0.000785401
2438.5464,0.000770336
2439.0286,0.000748191
2439.5107,0.000724574
2439.9927,0.000702302
2440.4749,0.000683417
2440.957,0.000671465
2441.4392,0.000670955
2441.9211,0.000683689
2442.4033,0.000704991
2442.8855,0.00072388
2443.3677,0.000728649
2443.8496,0.000714865
2444.3318,0.000689968
2444.814,0.000670213
2445.2961,0.00067082
2445.7781,0.000695523
2446.2603,0.000732773
2446.7424,0.000761747
2447.2246,0.000764574
2447.7065,0.000736842
2448.1887,0.000689672
2448.6709,0.000642553
2449.1531,0.00061223
2449.635,0.000604891
2450.1172,0.000615678
2450.5994,0.000634159
2451.0815,0.000650995
2451.5635,0.000661642
2452.0457,0.000666139
2452.5278,0.000666865
2453.01,0.000666495
2453.4919,0.000666983
2453.9741,0.000669073
2454.4563,0.000671927
2454.9385,0.000673226
2455.4204,0.000670353
2455.9026,0.000662316
2456.3848,0.000651033
2456.8669,0.000640678
2457.3489,0.000635241
2457.8311,0.000635965
2458.3132,0.000640493
2458.7954,0.000644236
2459.2773,0.000642836
2459.7595,0.000634065
2460.2417,0.000618312
2460.7239,0.000598027
2461.2058,0.000576915
2461.688,0.000559153
2462.1702,0.000548396
2462.6523,0.000546402
2463.1343,0.000551869
2463.6165,0.000560433
2464.0986,0.000566295
2464.5808,0.000564791
2465.0627,0.000554504
2465.5449,0.000537724
2466.0271,0.000519202
2466.5093,0.000504111
2466.9912,0.00049638
2467.4734,0.000497986
2467.9556,0.000509061
2468.4377,0.000528236
2468.9197,0.000552815
2469.4019,0.000578758
2469.884,0.000600861
2470.3662,0.000613542
2470.8481,0.000612412
2471.3303,0.000596173
2471.8125,0.000567956
2472.2947,0.000535129
2472.7766,0.000507237
2473.2588,0.000492723
2473.741,0.000495836
2474.2231,0.000515109
2474.7051,0.000544028
2475.1873,0.000573465
2475.6694,0.000594837
2476.1516,0.000602852
2476.6335,0.000597048
2477.1157,0.000581612
2477.5979,0.000563515
2478.0801,0.000549573
2478.562,0.000543741
2479.0442,0.000545989
2479.5264,0.000553293
2480.0085,0.000561967
2480.4905,0.000569651
2480.9727,0.000575704
2481.4548,0.000580069
2481.937,0.000581902
2482.4189,0.000579309
2482.9011,0.000570443
2483.3833,0.000555123
2483.8655,0.000535889
2484.3474,0.000518033
2484.8296,0.000508711
2485.3118,0.0005152
2485.7939,0.000542182
2486.2759,0.000588406
2486.7581,0.000644331
2487.2402,0.000693137
2487.7224,0.000716297
2488.2043,0.00070191
2488.6865,0.000651217
2489.1687,0.000578853
2489.6509,0.000506026
2490.1328,0.000450557
2490.615,0.000419836
2491.0972,0.000410618
2491.5793,0.000414553
2492.0613,0.000424721
2492.5435,0.000438589
2493.0256,0.000456442
2493.5078,0.000477965
2493.9897,0.000500435
2494.4719,0.000519767
2494.9541,0.000532879
2495.4363,0.000539044
2495.9182,0.000539368
2496.4004,0.000535443
2496.8826,0.000528706
2497.3647,0.000520802
2497.8467,0.000513981
2498.3289,0.000510559
2498.811,0.000511666
2499.2932,0.000516444
2499.7751,0.000522495
2500.2573,0.000527138
2500.7395,0.000528358
2501.2217,0.000524931
2501.7036,0.000516335
2502.1858,0.000503248
2502.668,0.000488405
2503.1501,0.00047637
2503.6321,0.000471294
2504.1143,0.000473654
2504.5964,0.000478793
2505.0786,0.000479459
2505.5605,0.000471431
2506.0427,0.000458238
2506.5249,0.000450797
2507.0071,0.000461211
2507.489,0.00049453
2507.9712,0.000544147
2508.4534,0.000594162
2508.9355,0.000627166
2509.4175,0.000632397
2509.8997,0.000609531
2510.3818,0.000566866
2510.864,0.000516318
2511.3459,0.000468775
2511.8281,0.000431798
2512.3103,0.000409384
2512.7925,0.000402441
2513.2744,0.000409198
2513.7566,0.00042579
2514.2388,0.000447444
2514.7209,0.000470015
2515.2029,0.000491022
2515.6851,0.000509556
2516.1672,0.000525293
2516.6494,0.000537492
2517.1313,0.000544659
2517.6135,0.000544854
2518.0957,0.000536193
2518.5779,0.000517257
2519.0598,0.000487699
2519.542,0.000449291
2520.0242,0.000407151
2520.5063,0.000370067
2520.9883,0.000348862
2521.4705,0.000352707
2521.9526,0.000384784
2522.4348,0.000439648
2522.9167,0.000504189
2523.3989,0.00056239
2523.8811,0.000601909
2524.3633,0.000619269
2524.8452,0.000620875
2525.3274,0.000619151
2525.8096,0.000625724
2526.2917,0.000645277
2526.7737,0.000673368
2527.2559,0.000699255
2527.738,0.000711945
2528.2202,0.000705923
2528.7021,0.000683465
2529.1843,0.000652644
2529.6665,0.000622668
2530.1487,0.000599518
2530.6306,0.000584289
2531.1128,0.000574714
2531.595,0.000568418
2532.0771,0.000565534
2532.5591,0.000568926
2533.0413,0.000581886
2533.5234,0.000604877
2534.0056,0.000633615
2534.4875,0.000660036
2534.9697,0.000675869
2535.4519,0.000676768
2535.9341,0.000664463
2536.416,0.000645654
2536.8982,0.000628453
2537.3804,0.000618709
2537.8625,0.000618305
2538.3445,0.000625867
2538.8267,0.000638593
2539.3088,0.000653498
2539.791,0.000667481
2540.2729,0.000677084
2540.7551,0.000679205
2541.2373,0.000672944
2541.7195,0.000661223
2542.2014,0.000650344
2542.6836,0.000646928
2543.1658,0.000653765
2543.6479,0.000667319
2544.1299,0.000678896
2544.6121,0.000679088
2545.0942,0.000662876
2545.5764,0.000632236
2546.0583,0.000594723
2546.5405,0.000559099
2547.0227,0.000530834
2547.5049,0.000510233
2547.9868,0.000494093
2548.469,0.00047955
2548.9512,0.000467494
2549.4333,0.000463338
2549.9153,0.000474586
2550.3975,0.00050654
2550.8796,0.000558487
2551.3618,0.000622424
2551.8438,0.000685098
2552.3259,0.000732535
2552.8081,0.000755102
2553.2903,0.000750957
2553.7722,0.000726408
2554.2544,0.000693097
2554.7366,0.000663221
2555.2188,0.000644947
2555.7007,0.000640007
2556.1829,0.000644443
2556.665,0.000651838
2557.1472,0.000657207
2557.6292,0.000659458
2558.1113,0.000661242
2558.5935,0.000666528
2559.0757,0.000677458
2559.5576,0.000692399
2560.0398,0.00070636
2560.522,0.000713597
2561.0042,0.000710933
2561.4861,0.000699124
2561.9683,0.000683508
2562.4504,0.000672316
2562.9326,0.000670283
2563.4146,0.000677445
2563.8967,0.000689537
2564.3789,0.000700714
2564.8611,0.000706636
2565.343,0.000705866
2565.8252,0.000698941
2566.3074,0.000686375
2566.7896,0.000667631
2567.2715,0.000642048
2567.7537,0.000610833
2568.2358,0.000578123
2568.718,0.000549848
2569.2,0.000531115
2569.6821,0.000524163
2570.1643,0.00052842
2570.6465,0.000542256
2571.1284,0.000564415
2571.6106,0.000593533
2572.0928,0.000626144
2572.575,0.000655492
2573.0569,0.000673229
2573.5391,0.000673805
2574.0212,0.000658711
2574.5034,0.000637189
2574.9856,0.000622091
2575.4675,0.000622971
2575.9497,0.000640559
2576.4319,0.000666099
2576.9141,0.00068603
2577.396,0.000689237
2577.8782,0.000672747
2578.3604,0.000642866
2578.8425,0.000611511
2579.3245,0.00059006
2579.8066,0.000584134
2580.2888,0.000591837
2580.771,0.000605914
2581.2529,0.000618199
2581.7351,0.000623765
2582.2173,0.000622711
2582.6995,0.000619047
2583.1814,0.000617734
2583.6636,0.000621654
2584.1458,0.000629929
2584.6279,0.000638131
2585.1099,0.000640121
2585.592,0.000630875
2586.0742,0.000609422
2586.5564,0.000580754
2587.0383,0.000555412
2587.5205,0.000546032
2588.0027,0.00056159
2588.4849,0.000601902
2588.9668,0.000655674
2589.449,0.000704119
2589.9312,0.0007291
2590.4133,0.000721784
2590.8953,0.000686983
2591.3774,0.000640597
2591.8596,0.000601567
2592.3418,0.000582929
2592.8237,0.000586893
2593.3059,0.000606143
2593.7881,0.000629705
2594.2703,0.000649239
2594.7522,0.000661995
2595.2344,0.000669346
2595.7166,0.000672959
2596.1987,0.000672011
2596.6807,0.000663708
2597.1628,0.000646649
2597.645,0.000624203
2598.1272,0.000604846
2598.6091,0.000598437
2599.0913,0.000610508
2599.5735,0.000638363
2600.0557,0.000671906
2600.5376,0.000698949
2601.0198,0.00071156
2601.502,0.000709187
2601.9841,0.000696663
2602.4661,0.000679119
2602.9482,0.000658143
2603.4304,0.000632388
2603.9126,0.000601887
2604.3945,0.000571866
2604.8767,0.000551899
2605.3589,0.00054999
2605.8411,0.000565799
2606.323,0.000588704
2606.8052,0.000603183
2607.2874,0.000598499
2607.7695,0.000576088
2608.2515,0.000549347
2608.7336,0.00053579
2609.2158,0.000546703
2609.698,0.000580815
2610.1799,0.00062548
2610.6621,0.000663897
2611.1443,0.000683632
2611.6265,0.000681821
2612.1084,0.000665019
2612.5906,0.000644668
2613.0728,0.000630891
2613.5549,0.000627601
2614.0369,0.000631086
2614.519,0.000632743
2615.0012,0.000624599
2615.4834,0.000604551
2615.9653,0.000578047
2616.4475,0.000554894
2616.9297,0.000543086
2617.4119,0.000543818
2617.8938,0.000551187
2618.376,0.000556767
2618.8582,0.000555672
2619.3403,0.000549737
2619.8223,0.00054573
2620.3044,0.000550254
2620.7866,0.000565207
2621.2688,0.000586794
2621.7507,0.000608158
2622.2329,0.000623157
2622.7151,0.000628537
2623.1973,0.000623544
2623.6792,0.000608173
2624.1614,0.000582102
2624.6436,0.000545426
2625.1257,0.000500648
2625.6077,0.000454123
2626.0898,0.000415294
2626.572,0.00039337
2627.0542,0.000392892
2627.5361,0.000410813
2628.0183,0.000437281
2628.5005,0.000460355
2628.9827,0.000472291
2629.4646,0.000473646
2629.9468,0.000472498
2630.429,0.000479131
2630.9111,0.000499571
2631.3931,0.000532079
2631.8752,0.000568548
2632.3574,0.000599287
2632.8396,0.000617662
2633.3215,0.000621892
2633.8037,0.000613934
2634.2859,0.000597442
2634.7681,0.000576605
2635.25,0.000555868
2635.7322,0.000539304
2636.2144,0.000528987
2636.6965,0.000523574
2637.1785,0.00051912
2637.6606,0.000512591
2638.1428,0.000505817
2638.625,0.000506217
2639.1069,0.000522527
2639.5891,0.000557851
2640.0713,0.000605191
2640.5535,0.000649526
2641.0354,0.000675861
2641.5176,0.000677953
2641.9998,0.000661629
2642.4819,0.000640353
2642.9639,0.000626381
2643.446,0.000623833
2643.9282,0.000628219
2644.4104,0.000631886
2644.8923,0.00063064
2645.3745,0.000626525
2645.8567,0.000625222
2646.3389,0.000630749
2646.8208,0.000641789
2647.303,0.00065221
2647.7852,0.00065497
2648.2673,0.000646383
2648.7493,0.000628022
2649.2314,0.000605556
2649.7136,0.000585734
2650.1958,0.00057339
2650.6777,0.000569685
2651.1599,0.000571982
2651.6421,0.000575183
2652.1243,0.00057406
2652.6062,0.000565786
2653.0884,0.000551528
2653.5706,0.000536167
2654.0527,0.000526143
2654.5347,0.000526587
2655.0168,0.00053932
2655.499,0.00056259
2655.9812,0.000592183
2656.4631,0.000622824
2656.9453,0.000649194
2657.4275,0.000666809
2657.9097,0.000673229
2658.3916,0.000669309
2658.8738,0.000659267
2659.356,0.00064858
2659.8381,0.000640468
2660.3201,0.000633527
2660.8022,0.000622969
2661.2844,0.000605285
2661.7666,0.000582935
2662.2485,0.000564732
2662.7307,0.000560451
2663.2129,0.000572957
2663.6951,0.000593908
2664.177,0.00060717
2664.6592,0.000598437
2665.1414,0.00056458
2665.6235,0.000516052
2666.1055,0.000470698
2666.5876,0.000443626
2667.0698,0.000440364
2667.552,0.000457454
2668.0339,0.000488484
2668.5161,0.000529567
2668.9983,0.00057962
2669.4805,0.000635935
2669.9624,0.00069007
2670.4446,0.000728922
2670.9268,0.000741322
2671.4089,0.000725547
2671.8909,0.000691873
2672.373,0.000657859
2672.8552,0.000639302
2673.3374,0.000642768
2673.8193,0.000664091
2674.3015,0.000692888
2674.7837,0.000719248
2675.2659,0.000738145
2675.7478,0.000749524
2676.23,0.000755314
2676.7122,0.000756352
2677.1943,0.000751473
2677.6763,0.00073902
2678.1584,0.000719195
2678.6406,0.000695303
2679.1228,0.000672826
2679.6047,0.000656812
2680.0869,0.000649164
2680.5691,0.000647587
2681.0513,0.000647026
2681.5332,0.000642936
2682.0154,0.00063442
2682.4976,0.000625118
2682.9797,0.000620987
2683.4617,0.000626136
2683.9438,0.000639406
2684.426,0.000654228
2684.9082,0.000662363
2685.3901,0.000659553
2685.8723,0.000649548
2686.3545,0.000643542
2686.8367,0.000654652
2687.3186,0.000690155
2687.8008,0.000745934
2688.283,0.000806702
2688.7651,0.000852451
2689.2471,0.000867883
2689.7292,0.000849647
2690.2114,0.000807329
2690.6936,0.000757826
2691.1755,0.000716699
2691.6577,0.000691696
2692.1399,0.000681788
2692.6221,0.000681187
2693.104,0.000684619
2693.5862,0.000689999
2694.0684,0.000697304
2694.5505,0.000705745
2695.0325,0.000712414
2695.5146,0.000713908
2695.9968,0.000709466
2696.479,0.000702654
2696.9609,0.000699827
2697.4431,0.000706303
2697.9253,0.000723129
2698.4075,0.000746756
2698.8894,0.000771583
2699.3716,0.000793144
2699.8538,0.000809606
2700.3359,0.000820963
2700.8179,0.000827326
2701.3,0.000828214
2701.7822,0.000823456
2702.2644,0.000814632
2702.7463,0.000805302
2703.2285,0.00079938
2703.7107,0.000798709
2704.1929,0.000801765
2704.6748,0.000804675
2705.157,0.000803906
2705.6392,0.00079863
2706.1213,0.000790962
2706.6033,0.000783953
2707.0854,0.000779029
2707.5676,0.000775056
2708.0498,0.000769894
2708.5317,0.000763202
2709.0139,0.000758014
2709.4961,0.000759429
2709.9783,0.000771011
2710.4602,0.000791508
2710.9424,0.000814525
2711.4246,0.000831662
2711.9067,0.000837048
2712.3887,0.000830158
2712.8708,0.000815146
2713.353,0.000797587
2713.8352,0.000781247
2714.3171,0.000767066
2714.7993,0.000754511
2715.2815,0.000743583
2715.7637,0.000735701
2716.2456,0.00073306
2716.7278,0.000737552
2717.21,0.000750389
2717.6921,0.000772445
2718.1741,0.000804235
2718.6563,0.000844695
2719.1384,0.000889431
2719.6206,0.000930297
2720.1025,0.000957776
2720.5847,0.000965553
2721.0669,0.00095461
2721.5491,0.000933873
2722.031,0.000916413
2722.5132,0.000913172
2722.9954,0.000927896
2723.4775,0.000956165
2723.9595,0.00098868
2724.4417,0.00101623
2724.9238,0.00103306
2725.406,0.00103719
2725.8879,0.00102846
2726.3701,0.00100699
2726.8523,0.00097352
2727.3345,0.000931249
2727.8164,0.00088727
2728.2986,0.000851696
2728.7808,0.000834501
2729.2629,0.000841792
2729.7449,0.000873559
2730.2271,0.00092378
2730.7092,0.000982313
2731.1914,0.00103752
2731.6733,0.00107911
2732.1555,0.00110111
2732.6377,0.00110458
2733.1199,0.00109827
2733.6018,0.00109553
2734.084,0.00110743
2734.5662,0.00113549
2735.0483,0.00116885
2735.5303,0.00118922
2736.0125,0.00118168
2736.4946,0.00114472
2736.9768,0.00109254
2737.4587,0.00104745
2737.9409,0.00102705
2738.4231,0.00103476
2738.9053,0.00105985
2739.3872,0.00108653
2739.8694,0.00110478
2740.3516,0.00111538
2740.8337,0.00112638
2741.3157,0.00114486
2741.7979,0.00117113
2742.28,0.00119956
2742.7622,0.00122433
2743.2441,0.00124453
2743.7263,0.00126406
2744.2085,0.0012868
2744.6907,0.0013116
2745.1726,0.00133176
2745.6548,0.00133949
2746.137,0.00133169
2746.6191,0.00131232
2747.1011,0.00128975
2747.5833,0.00127169
2748.0654,0.00126179
2748.5476,0.00126003
2749.0295,0.00126531
2749.5117,0.00127722
2749.9939,0.00129516
2750.4761,0.00131645
2750.958,0.00133611
2751.4402,0.00134953
2751.9224,0.00135601
2752.4045,0.00135987
2752.8865,0.00136745
2753.3687,0.00138209
2753.8508,0.00140096
2754.333,0.00141655
2754.8149,0.00142177
2755.2971,0.00141491
2755.7793,0.00140097
2756.2615,0.00138867
2756.7434,0.00138554
2757.2256,0.00139416
2757.7078,0.00141146
2758.1899,0.00143052
2758.6719,0.00144369
2759.1541,0.00144565
2759.6362,0.00143596
2760.1184,0.00142011
2760.6003,0.00140822
2761.0825,0.00141092
2761.5647,0.00143404
2762.0469,0.00147514
2762.5288,0.00152437
2763.011,0.0015698
2763.4932,0.00160356
2763.9753,0.00162478
2764.4573,0.00163722
2764.9395,0.00164381
2765.4216,0.00164296
2765.9038,0.00162971
2766.3857,0.00160139
2766.8679,0.00156292
2767.3501,0.0015272
2767.8323,0.00150936
2768.3142,0.00151852
2768.7964,0.00155259
2769.2786,0.00159973
2769.7607,0.00164521
2770.2427,0.0016789
2770.7249,0.00169877
2771.207,0.00170892
2771.6892,0.00171479
2772.1711,0.00171935
2772.6533,0.00172265
2773.1355,0.0017239
2773.6177,0.00172347
2774.0996,0.00172303
2774.5818,0.00172405
2775.064,0.00172663
2775.5461,0.00172985
2776.0281,0.00173336
2776.5103,0.00173842
2776.9924,0.00174716
2777.4746,0.00176029
2777.9565,0.00177545
2778.4387,0.00178753
2778.9209,0.00179145
2779.4031,0.00178535
2779.885,0.00177226
2780.3672,0.00175916
2780.8494,0.00175392
2781.3315,0.00176215
2781.8135,0.00178533
2782.2957,0.0018209
2782.7778,0.00186373
2783.26,0.00190797
2783.7419,0.00194858
2784.2241,0.00198203
2784.7063,0.0020063
2785.1885,0.00202047
2785.6704,0.00202436
2786.1526,0.00201847
2786.6348,0.00200447
2787.1169,0.00198573
2787.5989,0.00196726
2788.0811,0.0019547
2788.5632,0.0019524
2789.0454,0.00196142
2789.5273,0.00197886
2790.0095,0.00199901
2790.4917,0.00201631
2790.9739,0.00202837
2791.4558,0.00203735
2791.938,0.00204857
2792.4202,0.00206708
2792.9023,0.00209415
2793.3843,0.00212598
2793.8665,0.00215581
2794.3486,0.00217802
2794.8308,0.00219194
2795.3127,0.00220265
2795.7949,0.00221812
2796.2771,0.00224416
2796.7593,0.00228007
2797.2412,0.00231766
2797.7234,0.00234453
2798.2056,0.00235001
2798.6877,0.00233091
2799.1697,0.00229375
2799.6519,0.00225217
2800.134,0.00222063
2800.6162,0.00220788
2801.0981,0.00221413
2801.5803,0.00223355
2802.0625,0.00226
2802.5447,0.0022918
2803.0266,0.00233165
2803.5088,0.00238185
2803.991,0.00243888
2804.4731,0.00249248
2804.9551,0.00253087
2805.4373,0.00254873
2805.9194,0.00255131
2806.4016,0.00255112
2806.8835,0.00255921
2807.3657,0.00257802
2807.8479,0.0026013
2808.3301,0.0026211
2808.812,0.00263521
2809.2942,0.00264869
2809.7764,0.00266813
2810.2585,0.002694
2810.7405,0.00271846
2811.2227,0.00273094
2811.7048,0.00272695
2812.187,0.00271236
2812.6689,0.00269938
2813.1511,0.00269788
2813.6333,0.00270957
2814.1155,0.00273001
2814.5974,0.00275581
2815.0796,0.00278975
2815.5618,0.00283853
2816.0439,0.00290468
2816.5259,0.00298001
2817.0081,0.00304726
2817.4902,0.00308988
2817.9724,0.00310298
2818.4543,0.00309714
2818.9365,0.00309196
2819.4187,0.00310389
2819.9009,0.00313669
2820.3828,0.00318058
2820.865,0.00321988
2821.3472,0.00324339
2821.8293,0.00325073
2822.3113,0.00325122
2822.7935,0.00325705
2823.2756,0.00327582
2823.7578,0.0033073
2824.2397,0.00334583
2824.7219,0.00338603
2825.2041,0.00342711
2825.6863,0.00347267
2826.1682,0.0035263
2826.6504,0.00358694
2827.1326,0.00364799
2827.6147,0.00370139
2828.0967,0.00374355
2828.5789,0.00377816
2829.061,0.0038136
2829.5432,0.00385679
2830.0251,0.00390857
2830.5073,0.00396432
2830.9895,0.00401876
2831.4717,0.00407083
2831.9536,0.00412422
2832.4358,0.00418353
2832.918,0.00424971
2833.4001,0.00431895
2833.8821,0.00438592
2834.3643,0.0044486
2834.8464,0.00451011
2835.3286,0.00457617
2835.8105,0.00464971
2836.2927,0.00472707
2836.7749,0.00479871
2837.2571,0.00485428
2837.739,0.00488894
2838.2212,0.00490715
2838.7034,0.0049215
2839.1855,0.00494702
2839.6675,0.00499396
2840.1497,0.0050629
2840.6318,0.00514519
2841.114,0.00522831
2841.5959,0.00530283
2842.0781,0.00536665
2842.5603,0.00542428
2843.0425,0.00548234
2843.5244,0.00554482
2844.0066,0.00561101
2844.4888,0.00567653
2844.9709,0.00573537
2845.4529,0.00578115
2845.9351,0.00580786
2846.4172,0.00581156
2846.8994,0.00579363
2847.3813,0.00576327
2847.8635,0.00573626
2848.3457,0.0057286
2848.8279,0.00574825
2849.3098,0.00579041
2849.792,0.00583996
2850.2742,0.00587955
2850.7563,0.0058979
2851.2383,0.00589322
2851.7205,0.00587123
2852.2026,0.00584045
2852.6848,0.00580862
2853.1667,0.0057812
2853.6489,0.00576098
2854.1311,0.00574758
2854.6133,0.0057374
2855.0952,0.00572538
2855.5774,0.00570854
2856.0596,0.00568893
2856.5417,0.00567303
2857.0237,0.005667
2857.5059,0.00567093
2857.988,0.00567679
2858.4702,0.00567216
2858.9521,0.00564757
2859.4343,0.00560259
2859.9165,0.00554657
2860.3987,0.00549442
2860.8806,0.0054603
2861.3628,0.00545313
2861.845,0.00547503
2862.3271,0.0055218
2862.8091,0.00558395
2863.2913,0.00564833
2863.7734,0.00570116
2864.2556,0.0057328
2864.7375,0.00574244
2865.2197,0.00573958
2865.7019,0.00574068
2866.1841,0.00576187
2866.666,0.00581163
2867.1482,0.00588705
2867.6304,0.0059759
2868.1125,0.00606306
2868.5945,0.00613815
2869.0767,0.00620035
2869.5588,0.0062581
2870.041,0.00632373
2870.5229,0.00640557
2871.0051,0.0065016
2871.4873,0.0065986
2871.9695,0.00667784
2872.4514,0.00672489
2872.9336,0.00673813
2873.4158,0.00673092
2873.8979,0.00672606
2874.3799,0.00674555
2874.8621,0.00680179
2875.3442,0.00689478
2875.8264,0.00701588
2876.3083,0.00715439
2876.7905,0.00730239
2877.2727,0.00745555
2877.7549,0.00761115
2878.2368,0.0077659
2878.719,0.00791529
2879.2012,0.00805415
2879.6833,0.00817724
2880.1653,0.00827933
2880.6475,0.00835597
2881.1296,0.00840555
2881.6118,0.00843191
2882.0938,0.00844528
2882.5759,0.00845969
2883.0581,0.00848758
2883.5403,0.00853482
2884.0222,0.00859959
2884.5044,0.00867555
2884.9866,0.0087566
2885.4688,0.00883963
2885.9507,0.00892345
2886.4329,0.00900607
2886.915,0.00908352
2887.3972,0.00915198
2887.8792,0.00921124
2888.3613,0.00926585
2888.8435,0.00932234
2889.3257,0.00938431
2889.8076,0.00944992
2890.2898,0.00951458
2890.772,0.00957737
2891.2542,0.00964582
2891.7361,0.00973418
2892.2183,0.00985497
2892.7004,0.0100086
2893.1826,0.0101785
2893.6646,0.0103355
2894.1467,0.0104501
2894.6289,0.0105067
2895.1111,0.0105101
2895.593,0.0104837
2896.0752,0.0104578
2896.5574,0.0104569
2897.0396,0.0104906
2897.5215,0.0105523
2898.0037,0.0106263
2898.4858,0.0106973
2898.968,0.010758
2899.45,0.010811
2899.9321,0.0108643
2900.4143,0.0109261
2900.8965,0.0109996
2901.3784,0.0110821
2901.8606,0.0111673
2902.3428,0.0112489
2902.825,0.0113228
2903.3069,0.0113879
2903.7891,0.011446
2904.2712,0.0115015
2904.7534,0.0115605
2905.2354,0.0116304
2905.7175,0.0117179
2906.1997,0.0118269
2906.6819,0.0119569
2907.1638,0.0121026
2907.646,0.0122556
2908.1282,0.0124068
2908.6104,0.0125498
2909.0923,0.012683
2909.5745,0.0128097
2910.0566,0.0129367
2910.5388,0.0130694
2911.0208,0.0132087
2911.5029,0.0133492
2911.9851,0.0134822
2912.4673,0.0136008
2912.9492,0.0137052
2913.4314,0.0138035
2913.9136,0.0139078
2914.3958,0.014027
2914.8777,0.0141611
2915.3599,0.0143011
2915.842,0.0144345
2916.3242,0.0145535
2916.8062,0.0146604
2917.2883,0.0147682
2917.7705,0.0148933
2918.2527,0.0150483
2918.7346,0.0152352
2919.2168,0.0154462
2919.699,0.0156682
2920.1812,0.0158893
2920.6631,0.0161026
2921.1453,0.0163051
2921.6274,0.0164949
2922.1096,0.0166673
2922.5916,0.0168158
2923.0737,0.0169355
2923.5559,0.0170271
2924.0381,0.0170985
2924.52,0.0171635
2925.0022,0.0172378
2925.4844,0.0173357
2925.9666,0.017466
2926.4485,0.0176298
2926.9307,0.0178166
2927.4128,0.018004
2927.895,0.0181624
2928.377,0.0182662
2928.8591,0.0183072
2929.3413,0.0183013
2929.8235,0.0182843
2930.3054,0.0182952
2930.7876,0.0183577
2931.2698,0.0184704
2931.752,0.0186109
2932.2339,0.0187509
2932.7161,0.0188713
2933.1982,0.0189675
2933.6804,0.0190458
2934.1624,0.0191149
2934.6445,0.0191814
2935.1267,0.0192506
2935.6089,0.0193287
2936.0908,0.0194224
2936.573,0.019534
2937.0552,0.0196578
2937.5374,0.0197822
2938.0193,0.0198976
2938.5015,0.0200051
2938.9836,0.0201179
2939.4658,0.0202541
2939.9478,0.0204239
2940.4299,0.0206228
2940.9121,0.0208337
2941.3943,0.0210395
2941.8762,0.0212355
2942.3584,0.0214335
2942.8406,0.0216553
2943.3228,0.0219178
2943.8047,0.0222217
2944.2869,0.0225496
2944.769,0.0228764
2945.2512,0.0231842
2945.7332,0.0234734
2946.2153,0.0237623
2946.6975,0.0240748
2947.1797,0.0244256
2947.6616,0.02481
2948.1438,0.0252075
2948.626,0.0255924
2949.1082,0.0259466
2949.5901,0.0262639
2950.0723,0.0265447
2950.5544,0.0267874
2951.0366,0.0269842
2951.5186,0.0271252
2952.0007,0.0272065
2952.4829,0.0272361
2952.9651,0.0272293
2953.447,0.0271994
2953.9292,0.0271483
2954.4114,0.0270658
2954.8936,0.0269372
2955.3755,0.0267546
2955.8577,0.026522
2956.3398,0.0262526
2956.822,0.0259624
2957.304,0.0256634
2957.7861,0.0253635
2958.2683,0.0250693
2958.7505,0.0247876
2959.2324,0.0245234
2959.7146,0.0242753
2960.1968,0.0240322
2960.679,0.0237765
2961.1609,0.0234922
2961.6431,0.0231732
2962.1252,0.0228276
2962.6074,0.022474
2963.0894,0.0221321
2963.5715,0.0218135
2964.0537,0.0215172
2964.5359,0.0212328
2965.0178,0.0209489
2965.5,0.0206608
2965.9822,0.0203735
2966.4644,0.0200981
2966.9463,0.0198453
2967.4285,0.0196186
2967.9106,0.0194143
2968.3928,0.0192243
2968.8748,0.0190427
2969.3569,0.0188687
2969.8391,0.0187074
2970.3213,0.018567
2970.8032,0.0184557
2971.2854,0.0183792
2971.7676,0.0183374
2972.2498,0.0183219
2972.7317,0.0183145
2973.2139,0.0182912
2973.696,0.0182331
2974.1782,0.0181389
2974.6602,0.0180324
2975.1423,0.0179563
2975.6245,0.0179534
2976.1067,0.0180436
2976.5886,0.0182115
2977.0708,0.0184125
2977.553,0.0185967
2978.0352,0.0187335
2978.5171,0.0188255
2978.9993,0.0189003
2979.4814,0.0189898
2979.9636,0.0191101
2980.4456,0.0192555
2980.9277,0.0194082
2981.4099,0.0195553
2981.8921,0.0196998
2982.374,0.0198572
2982.8562,0.0200436
2983.3384,0.0202628
2983.8206,0.0205032
2984.3025,0.0207457
2984.7847,0.0209753
2985.2668,0.0211888
2985.749,0.0213929
2986.231,0.0215973
2986.7131,0.0218067
2987.1953,0.0220202
2987.6775,0.0222349
2988.1594,0.0224507
2988.6416,0.0226708
2989.1238,0.0228959
2989.606,0.0231189
2990.0879,0.023324
2990.5701,0.0234939
2991.0522,0.0236218
2991.5344,0.0237186
2992.0164,0.0238103
2992.4985,0.0239251
2992.9807,0.0240772
2993.4629,0.0242592
2993.9448,0.0244456
2994.427,0.0246072
2994.9092,0.0247262
2995.3914,0.0248022
2995.8733,0.024849
2996.3555,0.024885
2996.8376,0.0249248
2997.3198,0.0249751
2997.8018,0.0250356
2998.2839,0.0251002
2998.7661,0.0251582
2999.2483,0.0251966
2999.7302,0.0252045
3000.2124,0.0251782
3000.6946,0.025124
3001.1768,0.0250559
3001.6587,0.0249885
3002.1409,0.0249299
3002.623,0.0248797
3003.1052,0.0248319
3003.5872,0.0247805
3004.0693,0.0247227
3004.5515,0.0246578
3005.0337,0.0245844
3005.5156,0.0244998
3005.9978,0.0244029
3006.48,0.0242978
3006.9622,0.0241935
3007.4441,0.0240978
3007.9263,0.0240109
3008.4084,0.0239217
3008.8906,0.0238132
3009.3726,0.0236727
3009.8547,0.0235012
3010.3369,0.0233155
3010.8191,0.0231401
3011.301,0.0229957
3011.7832,0.0228892
3012.2654,0.0228116
3012.7476,0.0227439
3013.2295,0.0226666
3013.7117,0.0225678
3014.1938,0.0224459
3014.676,0.0223083
3015.158,0.0221668
3015.6401,0.022034
3016.1223,0.0219201
3016.6045,0.0218322
3017.0864,0.0217723
3017.5686,0.0217367
3018.0508,0.021716
3018.533,0.0216965
3019.0149,0.0216641
3019.4971,0.0216094
3019.9792,0.0215321
3020.4614,0.0214408
3020.9434,0.0213501
3021.4255,0.0212731
3021.9077,0.0212159
3022.3899,0.0211754
3022.8718,0.021142
3023.354,0.0211056
3023.8362,0.0210609
3024.3184,0.0210093
3024.8003,0.0209579
3025.2825,0.0209155
3025.7646,0.02089
3026.2468,0.0208856
3026.7288,0.0209021
3027.2109,0.0209348
3027.6931,0.0209755
3028.1753,0.0210139
3028.6572,0.0210412
3029.1394,0.0210523
3029.6216,0.0210465
3030.1038,0.0210261
3030.5857,0.0209943
3031.0679,0.0209546
3031.55,0.020913
3032.0322,0.0208796
3032.5142,0.0208671
3032.9963,0.0208848
3033.4785,0.0209309
3033.9607,0.0209906
3034.4426,0.0210419
3034.9248,0.0210676
3035.407,0.0210663
3035.8892,0.0210532
3036.3711,0.0210495
3036.8533,0.0210685
3037.3354,0.0211079
3037.8176,0.0211535
3038.2996,0.0211923
3038.7817,0.0212216
3039.2639,0.0212491
3039.7461,0.0212837
3040.228,0.0213253
3040.7102,0.0213632
3041.1924,0.0213854
3041.6746,0.0213897
3042.1565,0.0213883
3042.6387,0.0213998
3043.1208,0.0214351
3043.603,0.0214886
3044.085,0.0215412
3044.5671,0.0215751
3045.0493,0.0215871
3045.5315,0.0215915
3046.0134,0.0216096
3046.4956,0.0216553
3046.9778,0.0217264
3047.46,0.0218089
3047.9419,0.0218887
3048.4241,0.0219605
3048.9063,0.0220278
3049.3884,0.0220942
3049.8704,0.0221548
3050.3525,0.022197
3050.8347,0.0222098
3051.3169,0.0221942
3051.7988,0.0221671
3052.281,0.0221537
3052.7632,0.0221747
3053.2454,0.0222366
3053.7273,0.0223312
3054.2095,0.0224432
3054.6917,0.0225589
3055.1738,0.0226704
3055.6558,0.0227751
3056.1379,0.0228725
3056.6201,0.0229623
3057.1023,0.0230445
3057.5842,0.0231195
3058.0664,0.0231873
3058.5486,0.0232464
3059.0308,0.0232944
3059.5127,0.0233317
3059.9949,0.023365
3060.4771,0.0234067
3060.9592,0.0234693
3061.4412,0.0235575
3061.9233,0.0236644
3062.4055,0.0237738
3062.8877,0.0238701
3063.3696,0.0239474
3063.8518,0.0240126
3064.334,0.0240806
3064.8162,0.0241625
3065.2981,0.0242585
3065.7803,0.0243577
3066.2625,0.0244469
3066.7446,0.0245215
3067.2266,0.0245905
3067.7087,0.0246723
3068.1909,0.0247832
3068.6731,0.024926
3069.155,0.0250867
3069.6372,0.0252421
3070.1194,0.0253714
3070.6016,0.0254668
3071.0835,0.0255363
3071.5657,0.0255977
3072.0479,0.0256685
3072.53,0.0257582
3073.012,0.0258656
3073.4941,0.0259813
3073.9763,0.0260922
3074.4585,0.0261862
3074.9404,0.0262574
3075.4226,0.0263098
3075.9048,0.026358
3076.387,0.0264235
3076.8689,0.026525
3077.3511,0.026668
3077.8333,0.0268397
3078.3154,0.0270145
3078.7974,0.0271667
3079.2795,0.0272844
3079.7617,0.0273741
3080.2439,0.0274535
3080.7258,0.0275389
3081.208,0.0276359
3081.6902,0.0277398
3082.1724,0.0278442
3082.6543,0.0279491
3083.1365,0.0280627
3083.6187,0.0281936
3084.1008,0.0283429
3084.5828,0.0285001
3085.0649,0.0286485
3085.5471,0.0287749
3086.0293,0.0288777
3086.5112,0.0289671
3086.9934,0.0290581
3087.4756,0.0291617
3087.9578,0.0292785
3088.4397,0.0293997
3088.9219,0.0295136
3089.4041,0.0296123
3089.8862,0.0296975
3090.3682,0.0297786
3090.8503,0.0298684
3091.3325,0.0299761
3091.8147,0.0301037
3092.2966,0.0302473
3092.7788,0.0304013
3093.261,0.030562
3093.7432,0.0307266
3094.2251,0.0308903
3094.7073,0.0310428
3095.1895,0.0311718
3095.6716,0.0312705
3096.1536,0.0313447
3096.6357,0.031413
3097.1179,0.0314969
3097.6001,0.0316083
3098.082,0.0317423
3098.5642,0.0318811
3099.0464,0.0320061
3099.5286,0.0321099
3100.0105,0.0322002
3100.4927,0.0322942
3100.9749,0.0324073
3101.457,0.0325454
3101.939,0.0327041
3102.4211,0.0328742
3102.9033,0.0330467
3103.3855,0.0332145
3103.8674,0.0333718
3104.3496,0.0335135
3104.8318,0.0336378
3105.314,0.0337498
3105.7959,0.0338611
3106.2781,0.0339859
3106.7603,0.0341316
3107.2424,0.0342932
3107.7244,0.0344535
3108.2065,0.0345917
3108.6887,0.034696
3109.1709,0.0347719
3109.6528,0.0348415
3110.135,0.0349343
3110.6172,0.0350717
3111.0994,0.0352561
3111.5813,0.0354692
3112.0635,0.0356798
3112.5457,0.0358583
3113.0278,0.0359892
3113.5098,0.0360771
3113.9919,0.0361425
3114.4741,0.0362113
3114.9563,0.0363033
3115.4382,0.0364256
3115.9204,0.036573
3116.4026,0.0367357
3116.8848,0.0369059
3117.3667,0.0370812
3117.8489,0.0372615
3118.3311,0.0374442
3118.8132,0.0376218
3119.2952,0.0377856
3119.7773,0.0379314
3120.2595,0.0380626
3120.7417,0.0381874
3121.2236,0.0383131
3121.7058,0.0384419
3122.188,0.0385715
3122.6702,0.0387001
3123.1521,0.0388304
3123.6343,0.0389677
3124.1165,0.0391143
3124.5986,0.0392657
3125.0806,0.0394137
3125.5627,0.0395535
3126.0449,0.0396899
3126.5271,0.039836
3127.009,0.0400032
3127.4912,0.0401906
3127.9734,0.0403828
3128.4556,0.040557
3128.9375,0.0406967
3129.4197,0.0408011
3129.9019,0.0408847
3130.384,0.0409685
3130.866,0.0410697
3131.3481,0.0411955
3131.8303,0.0413441
3132.3125,0.0415095
3132.7944,0.041685
3133.2766,0.0418648
3133.7588,0.0420428
3134.241,0.0422131
3134.7229,0.042372
3135.2051,0.0425207
3135.6873,0.0426654
3136.1694,0.0428155
3136.6514,0.042978
3137.1335,0.0431536
3137.6157,0.0433351
3138.0979,0.0435107
3138.5798,0.043669
3139.062,0.043805
3139.5442,0.0439227
3140.0264,0.044034
3140.5083,0.0441536
3140.9905,0.0442934
3141.4727,0.0444575
3141.9548,0.0446406
3142.4368,0.0448306
3142.9189,0.045013
3143.4011,0.0451774
3143.8833,0.0453209
3144.3652,0.045449
3144.8474,0.0455713
3145.3296,0.0456961
3145.8118,0.0458264
3146.2937,0.0459599
3146.7759,0.0460936
3147.2581,0.0462291
3147.7402,0.046373
3148.2222,0.0465323
3148.7043,0.046708
3149.1865,0.0468922
3149.6687,0.0470722
3150.1506,0.0472408
3150.6328,0.0474026
3151.115,0.0475723
3151.5972,0.0477626
3152.0791,0.0479722
3152.5613,0.0481823
3153.0435,0.0483667
3153.5256,0.048509
3154.0076,0.0486148
3154.4897,0.0487092
3154.9719,0.0488219
3155.4541,0.0489691
3155.936,0.0491458
3156.4182,0.0493322
3156.9004,0.0495075
3157.3826,0.0496622
3157.8645,0.0498005
3158.3467,0.0499342
3158.8289,0.0500741
3159.311,0.0502256
3159.793,0.050389
3160.2751,0.0505621
3160.7573,0.0507425
3161.2395,0.0509271
3161.7214,0.0511124
3162.2036,0.0512949
3162.6858,0.051472
3163.168,0.0516422
3163.6499,0.0518048
3164.1321,0.0519586
3164.6143,0.0521033
3165.0964,0.0522413
3165.5784,0.0523781
3166.0605,0.0525195
3166.5427,0.052668
3167.0249,0.0528207
3167.5068,0.0529712
3167.989,0.0531161
3168.4712,0.0532591
3168.9534,0.0534102
3169.4353,0.0535788
3169.9175,0.0537657
3170.3997,0.0539612
3170.8818,0.0541498
3171.3638,0.0543201
3171.8459,0.0544711
3172.3281,0.0546116
3172.8103,0.0547529
3173.2922,0.0549009
3173.7744,0.0550529
3174.2566,0.0552019
3174.7388,0.0553428
3175.2207,0.0554767
3175.7029,0.0556098
3176.1851,0.0557488
3176.6672,0.0558977
3177.1492,0.0560562
3177.6313,0.0562219
3178.1135,0.0563905
3178.5957,0.0565576
3179.0776,0.0567188
3179.5598,0.0568733
3180.042,0.057026
3180.5242,0.0571865
3181.0061,0.0573626
3181.4883,0.0575506
3181.9705,0.0577316
3182.4526,0.0578779
3182.9346,0.0579697
3183.4167,0.0580109
3183.8989,0.0580328
3184.3811,0.058081
3184.863,0.0581928
3185.3452,0.0583783
3185.8274,0.0586175
3186.3096,0.0588741
3186.7915,0.0591147
3187.2737,0.059322
3187.7559,0.0594966
3188.238,0.0596494
3188.72,0.0597933
3189.2021,0.0599373
3189.6843,0.0600848
3190.1665,0.0602338
3190.6484,0.0603779
3191.1306,0.0605097
3191.6128,0.0606261
3192.095,0.0607328
3192.5769,0.0608446
3193.0591,0.0609777
3193.5413,0.0611395
3194.0234,0.0613228
3194.5054,0.0615089
3194.9875,0.0616805
3195.4697,0.0618334
3195.9519,0.061978
3196.4338,0.062129
3196.916,0.0622909
3197.3982,0.0624496
3197.8804,0.0625808
3198.3623,0.062667
3198.8445,0.0627139
3199.3267,0.06275
3199.8088,0.062812
3200.2908,0.0629235
3200.7729,0.0630839
3201.2551,0.0632723
3201.7373,0.0634643
3202.2192,0.0636471
3202.7014,0.0638218
3203.1836,0.0639943
3203.6658,0.0641627
3204.1477,0.0643128
3204.6299,0.0644276
3205.1121,0.0645011
3205.5942,0.0645471
3206.0762,0.064594
3206.5583,0.0646692
3207.0405,0.0647833
3207.5227,0.0649251
3208.0046,0.0650699
3208.4868,0.0651957
3208.969,0.0652962
3209.4512,0.0653841
3209.9331,0.0654822
3210.4153,0.0656087
3210.8975,0.0657661
3211.3796,0.0659397
3211.8616,0.0661053
3212.3438,0.0662425
3212.8259,0.0663459
3213.3081,0.0664272
3213.79,0.0665098
3214.2722,0.0666159
3214.7544,0.0667553
3215.2366,0.0669203
3215.7185,0.0670907
3216.2007,0.0672427
3216.6829,0.0673585
3217.165,0.0674326
3217.647,0.0674728
3218.1292,0.0674974
3218.6113,0.0675285
3219.0935,0.0675849
3219.5754,0.0676742
3220.0576,0.0677906
3220.5398,0.0679184
3221.022,0.0680408
3221.5039,0.0681501
3221.9861,0.0682514
3222.4683,0.0683596
3222.9504,0.068489
3223.4324,0.0686447
3223.9146,0.0688177
3224.3967,0.0689887
3224.8789,0.069137
3225.3608,0.0692493
3225.843,0.069325
3226.3252,0.0693754
3226.8074,0.069418
3227.2893,0.0694696
3227.7715,0.0695396
3228.2537,0.0696292
3228.7358,0.0697336
3229.2178,0.0698473
3229.7,0.0699674
3230.1821,0.0700929
3230.6643,0.0702206
3231.1462,0.0703409
3231.6284,0.0704389
3232.1106,0.0704999
3232.5928,0.0705177
3233.0747,0.070501
3233.5569,0.0704729
3234.0391,0.0704639
3234.5212,0.070501
3235.0032,0.0705987
3235.4854,0.0707547
3235.9675,0.0709516
3236.4497,0.0711649
3236.9316,0.0713729
3237.4138,0.0715643
3237.896,0.0717395
3238.3782,0.0719038
3238.8601,0.0720583
3239.3423,0.0721937
3239.8245,0.0722932
3240.3066,0.0723419
3240.7886,0.0723367
3241.2708,0.0722909
3241.7529,0.0722287
3242.2351,0.0721754
3242.717,0.0721485
3243.1992,0.0721534
3243.6814,0.0721839
3244.1636,0.0722254
3244.6455,0.0722595
3245.1277,0.0722708
3245.6099,0.0722551
3246.092,0.0722246
3246.574,0.0722049
3247.0562,0.0722246
3247.5383,0.0723004
3248.0205,0.0724269
3248.5024,0.0725777
3248.9846,0.072718
3249.4668,0.0728216
3249.949,0.0728819
3250.4309,0.072911
3250.9131,0.0729304
3251.3953,0.0729603
3251.8774,0.0730117
3252.3594,0.0730854
3252.8416,0.0731741
3253.3237,0.0732655
3253.8059,0.0733456
3254.2878,0.0734033
3254.77,0.0734336
3255.2522,0.0734405
3255.7344,0.0734342
3256.2163,0.0734268
3256.6985,0.0734273
3257.1807,0.0734407
3257.6628,0.0734699
3258.1448,0.0735194
3258.627,0.0735952
3259.1091,0.0736994
3259.5913,0.0738233
3260.0732,0.0739448
3260.5554,0.0740364
3261.0376,0.0740791
3261.5198,0.0740763
3262.0017,0.0740562
3262.4839,0.0740581
3262.9661,0.074112
3263.4482,0.0742209
3263.9302,0.074359
3264.4124,0.0744863
3264.8945,0.0745711
3265.3767,0.0746064
3265.8586,0.0746099
3266.3408,0.0746102
3266.823,0.0746286
3267.3052,0.0746687
3267.7871,0.0747182
3268.2693,0.0747593
3268.7515,0.0747787
3269.2336,0.0747726
3269.7156,0.0747446
3270.1978,0.0747038
3270.6799,0.0746624
3271.1621,0.0746361
3271.644,0.0746407
3272.1262,0.0746866
3272.6084,0.074772
3273.0906,0.0748817
3273.5725,0.0749936
3274.0547,0.0750904
3274.5369,0.0751687
3275.019,0.0752385
3275.501,0.0753148
3275.9832,0.0754052
3276.4653,0.0755041
3276.9475,0.0755941
3277.4294,0.075656
3277.9116,0.0756783
3278.3938,0.0756624
3278.876,0.0756212
3279.3579,0.0755735
3279.8401,0.075537
3280.3223,0.0755216
3280.8044,0.0755264
3281.2864,0.0755404
3281.7686,0.0755472
3282.2507,0.0755313
3282.7329,0.0754849
3283.2148,0.0754125
3283.697,0.0753319
3284.1792,0.0752706
3284.6614,0.0752586
3285.1433,0.0753182
3285.6255,0.0754539
3286.1077,0.0756469
3286.5898,0.075859
3287.0718,0.0760443
3287.554,0.0761665
3288.0361,0.0762121
3288.5183,0.0761936
3289.0002,0.0761412
3289.4824,0.0760873
3289.9646,0.0760526
3290.4468,0.0760405
3290.9287,0.0760405
3291.4109,0.0760366
3291.8931,0.0760184
3292.3752,0.0759875
3292.8572,0.0759583
3293.3394,0.0759507
3293.8215,0.0759786
3294.3037,0.0760397
3294.7856,0.0761148
3295.2678,0.0761763
3295.75,0.076204
3296.2322,0.0761971
3296.7141,0.076175
3297.1963,0.0761661
3297.6785,0.0761912
3298.1606,0.0762525
3298.6426,0.0763347
3299.1248,0.0764163
3299.6069,0.0764826
3300.0891,0.0765319
3300.571,0.0765737
3301.0532,0.0766208
3301.5354,0.0766809
3302.0176,0.0767519
3302.4995,0.0768222
3302.9817,0.0768761
3303.4639,0.0769005
3303.946,0.0768918
3304.428,0.0768593
3304.9102,0.076822
3305.3923,0.0767991
3305.8745,0.0768006
3306.3564,0.0768204
3306.8386,0.07684
3307.3208,0.0768396
3307.803,0.0768123
3308.2849,0.0767717
3308.7671,0.0767487
3309.2493,0.0767753
3309.7314,0.0768667
3310.2134,0.0770107
3310.6956,0.0771733
3311.1777,0.077316
3311.6599,0.0774147
3312.1418,0.0774696
3312.624,0.0774998
3313.1062,0.0775271
3313.5884,0.0775617
3314.0703,0.0775982
3314.5525,0.0776245
3315.0347,0.0776341
3315.5168,0.0776321
3315.9988,0.0776296
3316.481,0.0776342
3316.9631,0.0776435
3317.4453,0.077649
3317.9272,0.0776454
3318.4094,0.0776381
3318.8916,0.0776412
3319.3738,0.077668
3319.8557,0.0777232
3320.3379,0.0778012
3320.8201,0.0778918
3321.3022,0.0779869
3321.7842,0.0780815
3322.2664,0.0781701
3322.7485,0.0782438
3323.2307,0.0782927
3323.7126,0.078313
3324.1948,0.0783133
3324.677,0.0783114
3325.1592,0.0783242
3325.6411,0.0783559
3326.1233,0.0783959
3326.6055,0.0784273
3327.0876,0.0784418
3327.5696,0.0784474
3328.0518,0.0784644
3328.5339,0.0785115
3329.0161,0.0785919
3329.498,0.0786919
3329.9802,0.0787904
3330.4624,0.078874
3330.9446,0.0789446
3331.4265,0.0790136
3331.9087,0.0790893
3332.3909,0.0791655
3332.873,0.0792224
3333.355,0.0792397
3333.8372,0.0792123
3334.3193,0.0791586
3334.8015,0.079113
3335.2834,0.0791076
3335.7656,0.0791533
3336.2478,0.0792331
3336.73,0.0793126
3337.2119,0.079361
3337.6941,0.0793709
3338.1763,0.079363
3338.6584,0.0793726
3339.1404,0.0794266
3339.6226,0.0795236
3340.1047,0.0796324
3340.5869,0.079708
3341.0688,0.0797177
3341.551,0.0796592
3342.0332,0.0795609
3342.5154,0.0794664
3342.9973,0.0794128
3343.4795,0.0794178
3343.9617,0.0794797
3344.4438,0.0795857
3344.9258,0.0797207
3345.408,0.0798692
3345.8901,0.0800137
3346.3723,0.0801343
3346.8542,0.0802152
3347.3364,0.0802525
3347.8186,0.0802579
3348.3008,0.0802522
3348.7827,0.0802538
3349.2649,0.0802683
3349.7471,0.0802885
3350.2292,0.0803025
3350.7112,0.0803049
3351.1934,0.0803009
3351.6755,0.0803017
3352.1577,0.0803159
3352.6396,0.0803434
3353.1218,0.080377
3353.604,0.0804087
3354.0862,0.0804354
3354.5681,0.0804597
3355.0503,0.0804858
3355.5325,0.0805141
3356.0146,0.0805398
3356.4966,0.0805562
3356.9788,0.080561
3357.4609,0.0805603
3357.9431,0.0805684
3358.425,0.0806015
3358.9072,0.0806696
3359.3894,0.0807694
3359.8716,0.0808839
3360.3535,0.0809876
3360.8357,0.0810564
3361.3179,0.0810775
3361.8,0.0810535
3362.282,0.0809993
3362.7642,0.0809341
3363.2463,0.0808728
3363.7285,0.0808221
3364.2104,0.080783
3364.6926,0.0807568
3365.1748,0.0807501
3365.657,0.0807737
3366.1389,0.0808348
3366.6211,0.0809264
3367.1033,0.0810225
3367.5854,0.0810841
3368.0674,0.0810771
3368.5496,0.0809929
3369.0317,0.0808586
3369.5139,0.0807284
3369.9958,0.0806583
3370.478,0.0806778
3370.9602,0.0807759
3371.4424,0.0809095
3371.9243,0.0810291
3372.4065,0.0811045
3372.8887,0.0811362
3373.3708,0.0811467
3373.8528,0.081163
3374.335,0.0811994
3374.8171,0.0812535
3375.2993,0.0813105
3375.7813,0.0813532
3376.2634,0.081369
3376.7456,0.0813534
3377.2278,0.0813107
3377.7097,0.0812537
3378.1919,0.0811989
3378.6741,0.081161
3379.1563,0.0811454
3379.6382,0.0811456
3380.1204,0.0811467
3380.6025,0.0811336
3381.0847,0.081098
3381.5667,0.0810408
3382.0488,0.0809681
3382.531,0.080888
3383.0132,0.0808087
3383.4951,0.0807412
3383.9773,0.0806986
3384.4595,0.0806924
3384.9417,0.0807254
3385.4236,0.0807868
3385.9058,0.0808559
3386.3879,0.0809116
3386.8701,0.0809417
3387.3521,0.0809453
3387.8342,0.0809274
3388.3164,0.0808901
3388.7986,0.0808286
3389.2805,0.0807342
3389.7627,0.0806025
3390.2449,0.0804405
3390.7271,0.0802678
3391.209,0.0801109
3391.6912,0.0799939
3392.1733,0.07993
3392.6555,0.0799166
3393.1375,0.079937
3393.6196,0.0799683
3394.1018,0.0799918
3394.584,0.0800006
3395.0659,0.0800017
3395.5481,0.0800107
3396.0303,0.080041
3396.5125,0.0800927
3396.9944,0.0801471
3397.4766,0.0801723
3397.9587,0.0801388
3398.4409,0.0800333
3398.9229,0.0798659
3399.405,0.0796638
3399.8872,0.0794585
3400.3694,0.0792732
3400.8513,0.0791181
3401.3335,0.0789944
3401.8157,0.0789014
3402.2979,0.07884
3402.7798,0.0788091
3403.262,0.0788007
3403.7441,0.0788003
3404.2263,0.0787955
3404.7083,0.0787874
3405.1904,0.0787924
3405.6726,0.0788306
3406.1548,0.0789053
3406.6367,0.0789904
3407.1189,0.0790372
3407.6011,0.079001
3408.0833,0.0788706
3408.5652,0.0786811
3409.0474,0.0784981
3409.5295,0.0783817
3410.0117,0.0783519
3410.4937,0.0783784
3410.9758,0.0783992
3411.458,0.0783564
3411.9402,0.0782248
3412.4221,0.0780206
3412.9043,0.0777875
3413.3865,0.0775729
3413.8687,0.0774072
3414.3506,0.0772964
3414.8328,0.0772289
3415.3149,0.0771868
3415.7971,0.0771561
3416.2791,0.0771311
3416.7612,0.0771109
3417.2434,0.0770937
3417.7256,0.0770708
3418.2075,0.0770273
3418.6897,0.0769483
3419.1719,0.0768293
3419.6541,0.0766847
3420.136,0.0765461
3420.6182,0.0764478
3421.1003,0.076407
3421.5825,0.0764113
3422.0645,0.0764232
3422.5466,0.0763998
3423.0288,0.0763158
3423.511,0.0761755
3423.9929,0.0760081
3424.4751,0.0758498
3424.9573,0.0757235
3425.4395,0.0756302
3425.9214,0.0755534
3426.4036,0.0754718
3426.8857,0.0753697
3427.3679,0.0752387
3427.8499,0.0750739
3428.332,0.0748704
3428.8142,0.0746282
3429.2964,0.0743624
3429.7783,0.0741104
3430.2605,0.0739265
3430.7427,0.0738603
3431.2249,0.0739298
3431.7068,0.0741045
3432.189,0.0743114
3432.6711,0.0744643
3433.1533,0.074499
3433.6353,0.0743969
3434.1174,0.0741841
3434.5996,0.0739089
3435.0818,0.0736118
3435.5637,0.0733082
3436.0459,0.0729918
3436.5281,0.0726579
3437.0103,0.0723258
3437.4922,0.0720438
3437.9744,0.0718693
3438.4565,0.0718358
3438.9387,0.0719282
3439.4207,0.0720846
3439.9028,0.0722237
3440.385,0.0722799
3440.8672,0.0722267
3441.3491,0.0720787
3441.8313,0.0718767
3442.3135,0.0716688
3442.7957,0.0714961
3443.2776,0.0713852
3443.7598,0.0713445
3444.2419,0.0713598
3444.7241,0.0713932
3445.2061,0.0713899
3445.6882,0.0712961
3446.1704,0.0710839
3446.6526,0.0707713
3447.1345,0.0704188
3447.6167,0.070099
3448.0989,0.0698599
3448.5811,0.0697076
3449.063,0.0696171
3449.5452,0.0695547
3450.0273,0.0694956
3450.5095,0.0694295
3450.9915,0.0693553
3451.4736,0.0692734
3451.9558,0.0691806
3452.438,0.0690713
3452.9199,0.0689401
3453.4021,0.068786
3453.8843,0.0686149
3454.3665,0.0684415
3454.8484,0.0682889
3455.3306,0.0681821
3455.8127,0.0681369
3456.2949,0.0681466
3456.7769,0.0681758
3457.259,0.0681682
3457.7412,0.068068
3458.2234,0.0678449
3458.7053,0.0675103
3459.1875,0.0671162
3459.6697,0.0667354
3460.1519,0.0664356
3460.6338,0.0662563
3461.116,0.0661993
3461.5981,0.0662325
3462.0803,0.0663053
3462.5623,0.0663663
3463.0444,0.0663775
3463.5266,0.0663221
3464.0088,0.0662034
3464.4907,0.0660398
3464.9729,0.0658559
3465.4551,0.065675
3465.9373,0.0655124
3466.4192,0.0653705
3466.9014,0.0652398
3467.3835,0.0651037
3467.8657,0.0649479
3468.3477,0.0647681
3468.8298,0.0645741
3469.312,0.0643863
3469.7942,0.064228
3470.2761,0.0641152
3470.7583,0.0640493
3471.2405,0.0640171
3471.7227,0.0639958
3472.2046,0.0639622
3472.6868,0.0638989
3473.1689,0.0637973
3473.6511,0.0636575
3474.1331,0.0634878
3474.6152,0.0633045
3475.0974,0.0631301
3475.5796,0.0629872
3476.0615,0.0628894
3476.5437,0.062831
3477.0259,0.0627854
3477.5081,0.0627143
3477.99,0.0625854
3478.4722,0.0623899
3478.9543,0.0621483
3479.4365,0.0618999
3479.9185,0.0616819
3480.4006,0.0615116
3480.8828,0.0613835
3481.365,0.0612809
3481.8469,0.0611927
3482.3291,0.0611203
3482.8113,0.0610687
3483.2935,0.0610335
3483.7754,0.0609947
3484.2576,0.060926
3484.7397,0.0608117
3485.2219,0.060659
3485.7039,0.0604949
3486.186,0.060351
3486.6682,0.0602439
3487.1504,0.060168
3487.6323,0.0601006
3488.1145,0.0600177
3488.5967,0.0599058
3489.0789,0.0597648
3489.5608,0.0596026
3490.043,0.059429
3490.5251,0.0592542
3491.0073,0.0590901
3491.4893,0.0589486
3491.9714,0.0588378
3492.4536,0.0587563
3492.9358,0.0586924
3493.4177,0.0586298
3493.8999,0.0585544
3494.3821,0.05846
3494.8643,0.0583473
3495.3462,0.0582204
3495.8284,0.0580845
3496.3105,0.057947
3496.7927,0.0578193
3497.2747,0.0577149
3497.7568,0.0576421
3498.239,0.0575932
3498.7212,0.0575412
3499.2031,0.0574478
3499.6853,0.0572827
3500.1675,0.0570431
3500.6497,0.0567611
3501.1316,0.0564922
3501.6138,0.0562915
3502.0959,0.0561889
3502.5781,0.056174
3503.0601,0.0562034
3503.5422,0.0562242
3504.0244,0.0562008
3504.5066,0.0561247
3504.9885,0.0560058
3505.4707,0.0558574
3505.9529,0.0556877
3506.4351,0.0555013
3506.917,0.0553044
3507.3992,0.0551075
3507.8813,0.0549219
3508.3635,0.0547527
3508.8455,0.0545958
3509.3276,0.0544425
3509.8098,0.0542902
3510.292,0.0541497
3510.7739,0.0540416
3511.2561,0.0539829
3511.7383,0.0539727
3512.2205,0.0539867
3512.7024,0.0539836
3513.1846,0.0539242
3513.6667,0.0537908
3514.1489,0.0535984
3514.6309,0.0533876
3515.113,0.0532054
3515.5952,0.053083
3516.0774,0.0530218
3516.5593,0.0529945
3517.0415,0.0529598
3517.5237,0.0528823
3518.0059,0.0527487
3518.4878,0.0525714
3518.97,0.0523799
3519.4521,0.0522033
3519.9343,0.0520555
3520.4163,0.0519308
3520.8984,0.0518099
3521.3806,0.0516716
3521.8628,0.0515053
3522.3447,0.051318
3522.8269,0.0511334
3523.3091,0.0509822
3523.7913,0.0508857
3524.2732,0.0508447
3524.7554,0.050838
3525.2375,0.0508314
3525.7197,0.0507912
3526.2017,0.0506983
3526.6838,0.0505566
3527.166,0.0503905
3527.6482,0.0502312
3528.1301,0.0500987
3528.6123,0.0499908
3529.0945,0.0498881
3529.5767,0.0497689
3530.0586,0.0496252
3530.5408,0.0494676
3531.0229,0.0493174
3531.5051,0.049191
3531.9871,0.0490875
3532.4692,0.048988
3532.9514,0.0488674
3533.4336,0.0487113
3533.9155,0.0485266
3534.3977,0.04834
3534.8799,0.0481859
3535.3621,0.0480889
3535.844,0.0480507
3536.3262,0.0480471
3536.8083,0.0480401
3537.2905,0.0479971
3537.7725,0.0479038
3538.2546,0.0477662
3538.7368,0.0476022
3539.219,0.0474315
3539.7009,0.0472676
3540.1831,0.0471141
3540.6653,0.0469657
3541.1475,0.0468128
3541.6294,0.0466479
3542.1116,0.0464707
3542.5938,0.0462904
3543.0759,0.046125
3543.5579,0.0459939
3544.04,0.04591
3544.5222,0.0458712
3545.0044,0.0458587
3545.4863,0.0458407
3545.9685,0.0457829
3546.4507,0.0456601
3546.9329,0.045466
3547.4148,0.0452169
3547.897,0.0449474
3548.3792,0.0446984
3548.8613,0.0445024
3549.3433,0.0443728
3549.8254,0.0443002
3550.3076,0.0442571
3550.7898,0.0442097
3551.2717,0.044133
3551.7539,0.0440216
3552.2361,0.0438897
3552.7183,0.0437584
3553.2002,0.0436405
3553.6824,0.0435354
3554.1646,0.0434338
3554.6467,0.0433257
3555.1287,0.0432036
3555.6108,0.0430626
3556.093,0.0429021
3556.5752,0.0427281
3557.0571,0.0425552
3557.5393,0.0424011
3558.0215,0.0422763
3558.5037,0.0421747
3558.9856,0.0420745
3559.4678,0.041949
3559.95,0.041785
3560.4321,0.0415931
3560.9141,0.0414013
3561.3962,0.0412372
3561.8784,0.0411114
3562.3606,0.0410127
3562.8428,0.040917
3563.3247,0.0408021
3563.8069,0.0406611
3564.2891,0.0405072
3564.7712,0.0403683
3565.2532,0.0402758
3565.7354,0.0402473
3566.2175,0.0402671
3566.6997,0.0402787
3567.1816,0.0402085
3567.6638,0.0400139
3568.146,0.0397127
3568.6282,0.0393664
3569.1101,0.0390374
3569.5923,0.0387617
3570.0745,0.038545
3570.5566,0.0383747
3571.0386,0.0382337
3571.5208,0.0381085
3572.0029,0.0379888
3572.4851,0.0378627
3572.967,0.0377148
3573.4492,0.0375322
3573.9314,0.0373146
3574.4136,0.0370801
3574.8955,0.0368595
3575.3777,0.0366825
3575.8599,0.0365642
3576.342,0.0365005
3576.824,0.0364704
3577.3062,0.0364428
3577.7883,0.0363846
3578.2705,0.0362687
3578.7524,0.0360832
3579.2346,0.0358388
3579.7168,0.0355695
3580.199,0.0353193
3580.6809,0.0351193
3581.1631,0.0349712
3581.6453,0.0348494
3582.1274,0.0347192
3582.6094,0.0345599
3583.0916,0.0343775
3583.5737,0.0341982
3584.0559,0.0340484
3584.5378,0.0339367
3585.02,0.0338504
3585.5022,0.0337627
3585.9844,0.0336475
3586.4663,0.0334942
3586.9485,0.0333156
3587.4307,0.0331386
3587.9128,0.0329853
3588.3948,0.0328605
3588.877,0.0327527
3589.3591,0.0326442
3589.8413,0.0325206
3590.3232,0.0323759
3590.8054,0.0322134
3591.2876,0.0320461
3591.7698,0.0318928
3592.2517,0.0317689
3592.7339,0.0316724
3593.2161,0.0315762
3593.6982,0.0314387
3594.1802,0.0312277
3594.6624,0.0309442
3595.1445,0.0306293
3595.6267,0.0303434
3596.1086,0.030132
3596.5908,0.0300042
3597.073,0.0299385
3597.5552,0.029904
3598.0371,0.0298771
3598.5193,0.0298457
3599.0015,0.0298022
3599.4836,0.0297343
3599.9656,0.0296243
3600.4478,0.0294565
3600.9299,0.0292292
3601.4121,0.0289571
3601.894,0.0286653
3602.3762,0.0283804
3602.8584,0.0281235
3603.3406,0.0279064
3603.8225,0.0277269
3604.3047,0.0275666
3604.7869,0.0273958
3605.269,0.0271878
3605.751,0.0269393
3606.2332,0.0266817
3606.7153,0.0264694
3607.1975,0.0263427
3607.6794,0.0262927
3608.1616,0.0262548
3608.6438,0.0261462
3609.126,0.0259289
3609.6079,0.0256409
3610.0901,0.0253586
3610.5723,0.0251406
3611.0544,0.025004
3611.5364,0.024929
3612.0186,0.024872
3612.5007,0.0247848
3612.9829,0.0246404
3613.4648,0.0244464
3613.947,0.0242338
3614.4292,0.0240328
3614.9114,0.0238613
3615.3933,0.0237241
3615.8755,0.0236178
3616.3577,0.0235351
3616.8398,0.0234672
3617.3218,0.0234039
3617.804,0.0233303
3618.2861,0.0232258
3618.7683,0.0230702
3619.2502,0.0228558
3619.7324,0.0225968
3620.2146,0.0223227
3620.6968,0.0220611
3621.1787,0.0218256
3621.6609,0.0216152
3622.1431,0.0214197
3622.6252,0.0212267
3623.1072,0.021025
3623.5894,0.0208068
3624.0715,0.0205717
3624.5537,0.0203324
3625.0356,0.0201168
3625.5178,0.019961
3626,0.019894
3626.4822,0.0199244
3626.9641,0.0200371
3627.4463,0.0201926
3627.9285,0.0203202
3628.4106,0.0203186
3628.8926,0.0201175
3629.3748,0.0197653
3629.8569,0.0193828
3630.3391,0.0190439
3630.821,0.0187622
3631.3032,0.0185301
3631.7854,0.0183377
3632.2676,0.0181726
3632.7495,0.0180151
3633.2317,0.0178432
3633.7139,0.0176482
3634.196,0.0174445
3634.678,0.0172575
3635.1602,0.0171003
3635.6423,0.016964
3636.1245,0.0168248
3636.6064,0.0166607
3637.0886,0.0164669
3637.5708,0.0162612
3638.053,0.0160724
3638.5349,0.0159193
3639.0171,0.0157988
3639.4993,0.0156905
3639.9814,0.015571
3640.4634,0.0154234
3640.9456,0.0152403
3641.4277,0.015021
3641.9099,0.0147713
3642.3918,0.0145061
3642.874,0.0142506
3643.3562,0.0140325
3643.8384,0.0138695
3644.3203,0.0137598
3644.8025,0.0136838
3645.2847,0.0136124
3645.7668,0.0135222
3646.2488,0.0134123
3646.731,0.0133164
3647.2131,0.0132866
3647.6953,0.0133492
3648.1772,0.0134704
3648.6594,0.0135644
3649.1416,0.0135288
3649.6238,0.0132971
3650.1057,0.0128981
3650.5879,0.0124596
3651.0701,0.0121101
3651.5522,0.0118849
3652.0342,0.0117343
3652.5164,0.0115867
3652.9985,0.0113951
3653.4807,0.0111531
3653.9626,0.0108919
3654.4448,0.0106666
3654.927,0.0105334
3655.4092,0.0105145
3655.8911,0.0105607
3656.3733,0.0105687
3656.8555,0.0104681
3657.3376,0.0102717
3657.8196,0.0100365
3658.3018,0.00981154
3658.7839,0.00961866
3659.2661,0.00945338
3659.748,0.00929531
3660.2302,0.00912294
3660.7124,0.0089265
3661.1946,0.00871174
3661.6765,0.00849496
3662.1587,0.00829581
3662.6409,0.0081308
3663.123,0.00800725
3663.605,0.00791819
3664.0872,0.00784183
3664.5693,0.00774939
3665.0515,0.00762022
3665.5334,0.00745509
3666.0156,0.00727735
3666.4978,0.00712094
3666.98,0.00701349
3667.4619,0.00696384
3667.9441,0.00695972
3668.4263,0.00697752
3668.9084,0.00699843
3669.3904,0.00701591
3669.8726,0.00702204
3670.3547,0.00698693
3670.8369,0.00686961
3671.3188,0.006657
3671.801,0.00637521
3672.2832,0.00606713
3672.7654,0.00577423
3673.2473,0.00553533
3673.7295,0.00539283
3674.2117,0.00538917
3674.6938,0.00552247
3675.1758,0.00566828
3675.658,0.00564682
3676.1401,0.00543911
3676.6223,0.00516039
3677.1042,0.00490558
3677.5864,0.00471604
3678.0686,0.00460112
3678.5508,0.00454825
3679.0327,0.00452265
3679.5149,0.00447663
3679.9971,0.0043757
3680.4792,0.00421975
3680.9612,0.00403831
3681.4434,0.00387065
3681.9255,0.00374833
3682.4077,0.00368395
3682.8896,0.00366552
3683.3718,0.00365857
3683.854,0.00361919
3684.3362,0.00351562
3684.8181,0.00334652
3685.3003,0.00314141
3685.7825,0.00294382
3686.2646,0.00279383
3686.7466,0.00271953
3687.2288,0.00273036
3687.7109,0.0028046
3688.1931,0.00288946
3688.675,0.00294202
3689.1572,0.00296851
3689.6394,0.00300232
3690.1216,0.00305787
3690.6035,0.00310768
3691.0857,0.00309403
3691.5679,0.00297554
3692.05,0.00276798
3692.532,0.00252952
3693.0142,0.00231533
3693.4963,0.00215204
3693.9785,0.0020377
3694.4604,0.00195294
3694.9426,0.00187693
3695.4248,0.00180156
3695.907,0.00173423
3696.3889,0.00168689
3696.8711,0.00166261
3697.3533,0.00165204
3697.8354,0.00164292
3698.3174,0.00163359
3698.7996,0.00163743
3699.2817,0.00167359
3699.7639,0.00175092
3700.2458,0.00185397
3700.728,0.00193849
3701.2102,0.0019473
3701.6924,0.00185099
3702.1743,0.00168055
3702.6565,0.00150669
3703.1387,0.00138769
3703.6208,0.00134224
3704.1028,0.00135376
3704.585,0.00138336
3705.0671,0.00138456
3705.5493,0.0013232
3706.0313,0.00119491
3706.5134,0.00102471
3706.9956,0.000851026
3707.4778,0.000711397
3707.9597,0.000635513
3708.4419,0.000637548
3708.9241,0.00070625
3709.4063,0.000808873
3709.8882,0.000915384
3710.3704,0.00101702
3710.8525,0.00111924
3711.3347,0.00121824
3711.8167,0.00128377
3712.2988,0.00127631
3712.781,0.00118804
3713.2632,0.00104834
3713.7451,0.000894116
3714.2273,0.000750736
3714.7095,0.000630547
3715.1917,0.000535788
3715.6736,0.000462351
3716.1558,0.000406492
3716.6379,0.000372215
3717.1201,0.000372503
3717.6021,0.000420204
3718.0842,0.000510889
3718.5664,0.000610893
3719.0486,0.000670135
3719.5305,0.000655933
3720.0127,0.000574432
3720.4949,0.000464091
3720.9771,0.000375894
3721.459,0.000350053
3721.9412,0.000390136
3722.4233,0.000453567
3722.9055,0.000481864
3723.3875,0.000444092
3723.8696,0.000348177
3724.3518,0.000225559
3724.834,0.000116178
3725.3159,5.88E-05
3725.7981,7.77E-05
3726.2803,0.000167609
3726.7625,0.00029246
3727.2444,0.000404942
3727.7266,0.00046891
3728.2087,0.000469378
3728.6909,0.000411965
3729.1729,0.000317461
3729.655,0.000214541
3730.1372,0.000132696
3730.6194,9.56E-05
3731.1013,0.000112417
3731.5835,0.000170654
3732.0657,0.000243412
3732.5479,0.000314438
3733.0298,0.00039139
3733.512,0.000492578
3733.9941,0.000624151
3734.4763,0.000761969
3734.9583,0.000851644
3735.4404,0.000847305
3735.9226,0.000763168
3736.4048,0.000662151
3736.8867,0.000592683
3737.3689,0.000556681
3737.8511,0.000526067
3738.3333,0.000474277
3738.8152,0.000395203
3739.2974,0.000301017
3739.7795,0.000206157
3740.2617,0.000111377
3740.7437,1.81E-06
3741.2258,-0.000136102
3741.708,-0.000293837
3742.1902,-0.000432624
3742.6721,-0.000481405
3743.1543,-0.000331979
3743.6365,0.000124761
3744.1187,0.000803403
3744.6006,0.00126952
3745.0828,0.00124247
3745.5649,0.000913668
3746.0471,0.000533709
3746.5291,0.000218132
3747.0112,2.55E-06
3747.4934,-0.000105292
3747.9756,-0.000115066
3748.4575,-6.74E-05
3748.9397,-3.30E-05
3749.4219,-5.62E-05
3749.9041,-9.84E-05
3750.386,-7.00E-05
3750.8682,0.000105569
3751.3503,0.000439724
3751.8325,0.000825685
3752.3145,0.00106304
3752.7966,0.00103167
3753.2788,0.000792699
3753.761,0.000481329
3754.2429,0.000198776
3754.7251,-3.64E-06
3755.2073,-0.000111219
3755.6895,-0.000141742
3756.1714,-0.000140121
3756.6536,-0.000151167
3757.1357,-0.000186652
3757.6179,-0.000221772
3758.0999,-0.00021847
3758.582,-0.000154071
3759.0642,-4.56E-05
3759.5464,4.87E-05
3760.0283,7.17E-05
3760.5105,1.74E-05
3760.9927,-7.29E-05
3761.4749,-0.000152091
3761.9568,-0.000197123
3762.439,-0.000214629
3762.9211,-0.000229416
3763.4033,-0.000262839
3763.8853,-0.000314026
3764.3674,-0.000357082
3764.8496,-0.000358534
3765.3318,-0.000307747
3765.8137,-0.000234764
3766.2959,-0.000186694
3766.7781,-0.000183964
3767.2603,-0.000207997
3767.7422,-0.000222517
3768.2244,-0.000200535
3768.7065,-0.000146949
3769.1887,-0.000109475
3769.6707,-0.000149819
3770.1528,-0.000276279
3770.635,-0.000422944
3771.1172,-0.000510113
3771.5991,-0.000502019
3772.0813,-0.000416864
3772.5635,-0.0003087
3773.0457,-0.000235835
3773.5276,-0.000225044
3774.0098,-0.000254074
3774.4919,-0.000271066
3774.9741,-0.000238113
3775.4561,-0.000163414
3775.9382,-9.59E-05
3776.4204,-8.72E-05
3776.9026,-0.000152323
3777.3845,-0.000258723
3777.8667,-0.000345235
3778.3489,-0.000358254
3778.8311,-0.00029018
3779.313,-0.000193013
3779.7952,-0.000138375
3780.2773,-0.000156045
3780.7595,-0.000220911
3781.2415,-0.000288529
3781.7236,-0.000329776
3782.2058,-0.000342716
3782.688,-0.00034659
3783.1699,-0.000365885
3783.6521,-0.000411937
3784.1343,-0.000471776
3784.6165,-0.000512665
3785.0984,-0.000501223
3785.5806,-0.000423719
3786.0627,-0.000293458
3786.5449,-0.000143881
3787.0269,-1.55E-05
3787.509,5.70E-05
3787.9912,5.50E-05
3788.4734,-1.80E-05
3788.9553,-0.000138237
3789.4375,-0.000270934
3789.9197,-0.000382614
3790.4019,-0.000450724
3790.8838,-0.0004682
3791.366,-0.000444415
3791.8481,-0.000403528
3792.3303,-0.000378213
3792.8123,-0.000396934
3793.2944,-0.000468953
3793.7766,-0.000575806
3794.2588,-0.000673812
3794.7407,-0.000705974
3795.2229,-0.000623179
3795.7051,-0.00041722
3796.1873,-0.000151093
3796.6692,5.82E-05
3797.1514,0.000119155
3797.6335,2.92E-05
3798.1157,-0.000142111
3798.5977,-0.00030661
3799.0798,-0.000389572
3799.562,-0.000338123
3800.0442,-0.000131099
3800.5261,0.000187949
3801.0083,0.000478189
3801.4905,0.000571374
3801.9727,0.000431742
3802.4546,0.000163855
3802.9368,-0.000123061
3803.4189,-0.000378128
3803.9011,-0.000588667
3804.3831,-0.000750307
3804.8652,-0.000851808
3805.3474,-0.000873363
3805.8296,-0.000798838
3806.3115,-0.000644464
3806.7937,-0.000478598
3807.2759,-0.000378325
3807.7581,-0.000359964
3808.24,-0.000385186
3808.7222,-0.000411123
3809.2043,-0.000413771
3809.6865,-0.000386113
3810.1685,-0.000331327
3810.6506,-0.000259438
3811.1328,-0.000187967
3811.615,-0.000142011
3812.0969,-0.000146734
3812.5791,-0.00021184
3813.0613,-0.000318819
3813.5435,-0.000421548
3814.0254,-0.000458145
3814.5076,-0.00036876
3814.9897,-0.000129187
3815.4719,0.000191182
3815.9539,0.000420752
3816.436,0.000431118
3816.9182,0.000260228
3817.4004,2.37E-05
3817.8823,-0.000198517
3818.3645,-0.000376849
3818.8467,-0.000506024
3819.3289,-0.000579602
3819.8108,-0.000574456
3820.293,-0.000458126
3820.7751,-0.000238852
3821.2573,-9.40E-06
3821.7393,0.000118483
3822.2214,0.0001087
3822.7036,-6.54E-06
3823.1858,-0.000175087
3823.6677,-0.000347277
3824.1499,-0.000479281
3824.6321,-0.00053512
3825.1143,-0.000494147
3825.5962,-0.000363263
3826.0784,-0.000186801
3826.5605,-4.11E-05
3827.0427,-3.91E-06
3827.5247,-0.00011266
3828.0068,-0.000343104
3828.489,-0.000624935
3828.9712,-0.00087291
3829.4531,-0.00100992
3829.9353,-0.000982129
3830.4175,-0.000782189
3830.8997,-0.00047975
3831.3816,-0.000209338
3831.8638,-7.73E-05
3832.3459,-8.26E-05
3832.8281,-0.000148595
3833.3101,-0.000199854
3833.7922,-0.000206576
3834.2744,-0.000191081
3834.7566,-0.000201055
3835.2385,-0.000259847
3835.7207,-0.000340403
3836.2029,-0.000387797
3836.6851,-0.000360574
3837.167,-0.000265106
3837.6492,-0.000163449
3838.1313,-0.000121865
3838.6135,-0.000141712
3839.0955,-0.00017018
3839.5776,-0.000164539
3840.0598,-0.000128865
3840.542,-0.000105738
3841.0239,-0.000136124
3841.5061,-0.000220741
3841.9883,-0.000319802
3842.4705,-0.000385108
3842.9524,-0.000393551
3843.4346,-0.000364235
3843.9167,-0.000347094
3844.3989,-0.000383092
3844.8809,-0.00047252
3845.363,-0.000582615
3845.8452,-0.000675311
3846.3274,-0.000726291
3846.8093,-0.000730821
3847.2915,-0.00070197
3847.7737,-0.00066374
3848.2559,-0.000640721
3848.7378,-0.000648597
3849.22,-0.000689918
3849.7021,-0.000755409
3850.1843,-0.000827646
3850.6663,-0.000883913
3851.1484,-0.000896128
3851.6306,-0.000826999
3852.1128,-0.000626895
3852.5947,-0.000252786
3853.0769,0.000253825
3853.5591,0.000683927
3854.0413,0.000802485
3854.5232,0.000604211
3855.0054,0.000252907
3855.4875,-0.00010592
3855.9697,-0.000392253
3856.4517,-0.000569903
3856.9338,-0.000636233
3857.416,-0.00062657
3857.8982,-0.000604113
3858.3801,-0.000622691
3858.8623,-0.00069481
3859.3445,-0.000793446
3859.8267,-0.000873684
3860.3086,-0.000895145
3860.7908,-0.000843709
3861.2729,-0.000746151
3861.7551,-0.000655168
3862.2371,-0.0006065
3862.7192,-0.000592206
3863.2014,-0.00057153
3863.6836,-0.000499458
3864.1655,-0.000359957
3864.6477,-0.000195883
3865.1299,-9.52E-05
3865.6121,-0.000116907
3866.094,-0.000244557
3866.5762,-0.000419951
3867.0583,-0.000586724
3867.5405,-0.000701028
3868.0225,-0.000724468
3868.5046,-0.000624513
3868.9868,-0.000404553
3869.469,-0.000154952
3869.9509,-2.67E-05
3870.4331,-9.03E-05
3870.9153,-0.000284128
3871.3975,-0.000502845
3871.8794,-0.000663447
3872.3616,-0.000712231
3872.8438,-0.000624384
3873.3259,-0.000421173
3873.8079,-0.000183764
3874.29,-1.23E-05
3874.7722,5.08E-05
3875.2544,3.29E-05
3875.7363,-2.55E-05
3876.2185,-0.000109192
3876.7007,-0.000224957
3877.1829,-0.000375998
3877.6648,-0.000542872
3878.147,-0.00068468
3878.6292,-0.000758354
3879.1113,-0.000745481
3879.5933,-0.000674839
3880.0754,-0.000615152
3880.5576,-0.000619508
3881.0398,-0.000676601
3881.5217,-0.000734717
3882.0039,-0.000755419
3882.4861,-0.000733275
3882.9683,-0.00068256
3883.4502,-0.000614959
3883.9324,-0.000524284
3884.4146,-0.000388182
3884.8967,-0.000193356
3885.3787,2.67E-05
3885.8608,0.000191129
3886.343,0.000234949
3886.8252,0.000157652
3887.3071,7.04E-07
3887.7893,-0.0001923
3888.2715,-0.000390195
3888.7537,-0.000570297
3889.2356,-0.00071066
3889.7178,-0.000786337
3890.2,-0.000774879
3890.6821,-0.000674154
3891.1641,-0.00052063
3891.6462,-0.000377769
3892.1284,-0.000293565
3892.6106,-0.000275901
3893.0925,-0.000304905
3893.5747,-0.000353496
3894.0569,-0.000397881
3894.5391,-0.000421824
3895.021,-0.000419996
3895.5032,-0.00039833
3895.9854,-0.000368265
3896.4675,-0.000338569
3896.9495,-0.000311608
3897.4316,-0.000286561
3897.9138,-0.000267013
3898.396,-0.000265886
3898.8779,-0.000297959
3899.3601,-0.000361487
3899.8423,-0.000429747
3900.3245,-0.00046508
3900.8064,-0.000442339
3901.2886,-0.000365575
3901.7708,-0.000269502
3902.2529,-0.000201174
3902.7349,-0.000190575
3903.217,-0.000233474
3903.6992,-0.000300092
3904.1814,-0.000358702
3904.6633,-0.000393636
3905.1455,-0.000405895
3905.6277,-0.000401917
3906.1099,-0.000386349
3906.5918,-0.000365038
3907.074,-0.000349928
3907.5562,-0.000356186
3908.0383,-0.000390596
3908.5203,-0.000440443
3909.0024,-0.000475277
3909.4846,-0.000464759
3909.9668,-0.000401181
3910.4487,-0.000308904
3910.9309,-0.000231483
3911.4131,-0.000205058
3911.8953,-0.000238033
3912.3772,-0.000310726
3912.8594,-0.000392422
3913.3416,-0.000461635
3913.8237,-0.000514957
3914.3057,-0.000560414
3914.7878,-0.000604366
3915.27,-0.000643668
3915.7522,-0.000667719
3916.2341,-0.000667841
3916.7163,-0.000645968
3917.1985,-0.000612644
3917.6807,-0.000575201
3918.1626,-0.000530638
3918.6448,-0.000471331
3919.127,-0.00039745
3919.6091,-0.000325771
3920.0911,-0.000285458
3920.5732,-0.000299225
3921.0554,-0.000365464
3921.5376,-0.000459017
3922.0195,-0.000546513
3922.5017,-0.000600704
3922.9839,-0.000607662
3923.4661,-0.000569197
3923.948,-0.000502089
3924.4302,-0.00043283
3924.9124,-0.00038786
3925.3945,-0.000383735
3925.8765,-0.000422745
3926.3586,-0.000494938
3926.8408,-0.000583445
3927.323,-0.000670197
3927.8049,-0.000740763
3928.2871,-0.000787124
3928.7693,-0.000806386
3929.2515,-0.000795264
3929.7334,-0.000745251
3930.2156,-0.000645365
3930.6978,-0.000493983
3931.1799,-0.000313062
3931.6619,-0.000151656
3932.144,-6.64E-05
3932.6262,-8.48E-05
3933.1084,-0.000183912
3933.5903,-0.000304719
3934.0725,-0.000389509
3934.5547,-0.000410141
3935.0369,-0.000375486
3935.5188,-0.000320348
3936.001,-0.000284247
3936.4832,-0.000291832
3936.9653,-0.000345376
3937.4473,-0.000430535
3937.9294,-0.000527446
3938.4116,-0.000618822
3938.8938,-0.000692409
3939.3757,-0.000739939
3939.8579,-0.000755635
3940.3401,-0.000735632
3940.8223,-0.000678272
3941.3042,-0.000585355
3941.7864,-0.000464643
3942.2686,-0.000332494
3942.7507,-0.000213115
3943.2327,-0.000132035
3943.7148,-0.000107281
3944.197,-0.000144395
3944.6792,-0.000236494
3945.1611,-0.000366348
3945.6433,-0.000508876
3946.1255,-0.000635447
3946.6077,-0.000721359
3947.0896,-0.000754288
3947.5718,-0.00073816
3948.054,-0.000689162
3948.5361,-0.000626835
3949.0181,-0.000565993
3949.5002,-0.000512721
3949.9824,-0.000464633
3950.4646,-0.000414538
3950.9465,-0.000356078
3951.4287,-0.00028909
3951.9109,-0.000222553
3952.3931,-0.00017376
3952.875,-0.000163171
3953.3572,-0.000206048
3953.8394,-0.000304459
3954.3215,-0.000443811
3954.8035,-0.000595071
3955.2856,-0.000720942
3955.7678,-0.000785036
3956.25,-0.000764205
3956.7319,-0.000661385
3957.2141,-0.000511264
3957.6963,-0.000370867
3958.1785,-0.000295381
3958.6604,-0.000310673
3959.1426,-0.000399027
3959.6248,-0.000508678
3960.1069,-0.000583711
3960.5889,-0.000597641
3961.071,-0.00056956
3961.5532,-0.000549631
3962.0354,-0.000580599
3962.5173,-0.000662956
3962.9995,-0.000751918
3963.4817,-0.00078868
3963.9639,-0.000741614
3964.4458,-0.000628098
3964.928,-0.000502393
3965.4102,-0.000417664
3965.8923,-0.00038929
3966.3743,-0.000387107
3966.8564,-0.000361817
3967.3386,-0.000284506
3967.8208,-0.000170062
3968.3027,-6.83E-05
3968.7849,-2.97E-05
3969.2671,-7.22E-05
3969.7493,-0.000172766
3970.2312,-0.000288199
3970.7134,-0.000384534
3971.1956,-0.000452885
3971.6777,-0.000504359
3972.1597,-0.000553579
3972.6418,-0.000606635
3973.124,-0.000661997
3973.6062,-0.000719197
3974.0881,-0.000783013
3974.5703,-0.000856857
3975.0525,-0.000931368
3975.5347,-0.000980751
3976.0166,-0.000974118
3976.4988,-0.000895874
3976.981,-0.000760054
3977.4631,-0.000607276
3977.9451,-0.000485809
3978.4272,-0.000428599
3978.9094,-0.000439363
3979.3916,-0.000494369
3979.8735,-0.000557238
3980.3557,-0.000597443
3980.8379,-0.000602742
3981.3201,-0.000580675
3981.802,-0.000550426
3982.2842,-0.00053042
3982.7664,-0.000528156
3983.2485,-0.00053715
3983.7305,-0.000542055
3984.2126,-0.000528732
3984.6948,-0.000493534
3985.177,-0.000446583
3985.6589,-0.000407131
3986.1411,-0.000393427
3986.6233,-0.000412637
3987.1055,-0.000456192
3987.5874,-0.00050279
3988.0696,-0.000527332
3988.5518,-0.000511644
3989.0339,-0.000452364
3989.5159,-0.000362606
3989.998,-0.000266455
3990.4802,-0.000188816
3990.9624,-0.000145986
3991.4443,-0.000142023
3991.9265,-0.000171942
3992.4087,-0.00022794
3992.8909,-0.000303424
3993.3728,-0.000392414
3993.855,-0.000486338
3994.3372,-0.00057246
3994.8193,-0.000636559
3995.3013,-0.000668245
3995.7834,-0.000664561
3996.2656,-0.00062921
3996.7478,-0.000569143
3997.2297,-0.000492572
3997.7119,-0.00041038
3998.1941,-0.000338524
3998.6763,-0.000296796
3999.1582,-0.000301787
3999.6404,-0.000357451
4000.1226,-0.000450261
